Token,Labels gold,Labels baseline,Matches
Token,Predict,Predict,1
animal,animal.n.01,animal.n.01,1
is,O,O,1
grazing,graze.v.01,crop.v.05,0
in,O,O,1
field,field.n.01,field.n.01,1
dog,dog.n.01,dog.n.01,1
is,O,O,1
licking,lick.v.02,lick.v.02,1
baby,baby.n.01,baby.n.01,1
man,man.n.01,man.n.01,1
is,O,O,1
lumping,lump.v.01,lump.v.01,1
dough,dough.n.01,dough.n.01,1
man,man.n.01,man.n.01,1
is,O,O,1
playing,play.v.07,play.v.01,0
trumpet,trumpet.n.01,cornet.n.01,0
woman,woman.n.01,woman.n.01,1
is,O,O,1
playing,play.v.07,play.v.01,0
flute,flute.n.01,flute.n.01,1
woman,woman.n.01,woman.n.01,1
is,O,O,1
slicing,slice.v.03,slice.v.03,1
tofu,tofu.n.01,bean_curd.n.01,0
animal,animal.n.01,animal.n.01,1
with,O,O,1
big,big.a.01,big.a.01,1
eyes,eye.n.01,eye.n.01,1
is,O,O,1
voraciously,voraciously.r.01,voraciously.r.01,1
eating,eat.v.01,eat.v.01,1
man,man.n.01,man.n.01,1
is,O,O,1
racing,race.v.02,rush.v.01,0
for,O,O,1
lead,lead.n.01,lead.n.02,0
men,man.n.01,man.n.01,1
are,O,O,1
not,O,O,1
climbing,climb.v.01,climb.v.01,1
mountain,mountain.n.01,mountain.n.01,1
woman,woman.n.01,woman.n.01,1
is,O,O,1
not,O,O,1
picking,pick_up.v.01,pick.v.02,0
up,O,O,1
baby,baby.n.06,baby.n.01,0
kangaroo,kangaroo.n.01,kangaroo.n.01,1
Two,O,O,1
children,child.n.01,child.n.02,0
are,O,O,1
playing,play.v.05,play.v.01,0
with,O,O,1
ball,ball.n.01,ball.n.01,1
in,O,O,1
park,park.n.02,park.n.02,1
Two,O,O,1
people,person.n.01,person.n.01,1
are,O,O,1
kickboxing,O,O,1
and,O,O,1
spectators,spectator.n.01,spectator.n.01,1
watching,watch.v.01,watch.v.03,0
broke,break.v.02,break_out.v.01,0
bus~stop,bus_stop.n.01,bus_stop.n.01,1
is,O,O,1
n't,O,O,1
far,far.a.01,far.a.01,1
from,O,O,1
sold,sell.v.01,sell.v.01,1
to,O,O,1
in,O,O,1
lives,live.v.01,live.v.01,1
on,O,O,1
was,O,O,1
very,very.r.01,very.r.01,1
happy,happy.a.01,happy.a.01,1
baby,baby.n.01,baby.n.01,1
is,O,O,1
crawling,crawl.v.01,crawl.v.03,0
Do,O,O,1
have,have.v.04,O,0
credit~card,credit_card.n.01,credit_card.n.01,1
bought,buy.v.01,buy.v.01,1
book,book.n.02,book.n.02,1
for,O,O,1
ten,O,O,1
dollars,dollar.n.01,dollar.n.01,1
older,old.a.01,old.a.01,1
brother,brother.n.01,brother.n.01,1
is,O,O,1
two,O,O,1
years,year.n.01,year.n.01,1
than,O,O,1
Does,O,O,1
speak,speak.v.03,speak.v.03,1
gave,give.v.03,give.v.03,1
dog,dog.n.01,dog.n.01,1
bone,bone.n.01,bone.n.01,1
armed,arm.v.02,armed.a.01,0
with,O,O,1
guns,gun.n.01,gun.n.01,1
showers,shower.v.03,lavish.v.01,0
morning,morning.n.01,morning.n.01,1
was,O,O,1
born,O,bear.v.02,0
on,O,O,1
in,O,O,1
When,O,O,1
entered,enter.v.01,enter.v.01,1
room,room.n.01,room.n.01,1
was,O,O,1
playing,play.v.03,play.v.01,0
piano,piano.n.01,piano.n.01,1
's,O,O,1
room,room.n.01,room.n.01,1
was,be.v.01,O,0
large,large.a.01,large.a.01,1
one,room.n.01,person.n.01,0
hate,hate.v.01,hate.v.01,1
Mondays,O,monday.n.01,0
kind,entity.n.01,entity.n.01,1
of,O,O,1
monkeys,monkey.n.01,monkey.n.01,1
are,be.v.01,O,0
spread,spread.v.04,spread.v.09,0
table,table.n.02,table.n.02,1
returned,return.v.01,return.v.01,1
from,O,O,1
boy,boy.n.01,boy.n.01,1
showed,show.v.06,show.v.04,0
fear,fear.n.01,fear.n.01,1
's,O,O,1
very,very.r.01,very.r.01,1
sticky,sticky.a.01,sticky.a.01,1
Do,O,O,1
remember,remember.v.01,remember.v.01,1
default,default.n.04,default.n.01,0
value,value.n.01,value.n.01,1
is,be.v.06,O,0
zero,O,nothing.n.01,0
am,be.v.03,O,0
from,O,O,1
Hello,hello.n.01,O,0
and,O,O,1
always,time.n.08,O,0
dreamt,dream.v.01,dream.v.02,0
of,O,O,1
studying,study.v.04,study.v.05,0
medicine,medicine.n.03,medicine.n.02,0
broke,break_down.v.03,break_out.v.01,0
down,O,O,1
all~at~once,all_at_once.r.02,O,0
will,O,O,1
take,take.v.22,take_place.v.01,0
witness~stand,witness_stand.n.01,witness_stand.n.01,1
on,O,O,1
How,O,O,1
many,O,O,1
home~runs,home_run.n.01,O,0
did,O,O,1
hit,hit.v.08,hit.v.03,0
club,club.n.07,club.n.02,0
spawned,spawn.v.01,engender.v.01,0
do,O,O,1
n't,O,O,1
know,know.v.01,know.v.01,1
where,location.n.01,location.n.01,1
's,O,O,1
office,office.n.01,office.n.01,1
is,be.v.03,O,0
wants,want.v.01,want.v.01,1
'm,O,O,1
very,very.r.01,very.r.01,1
afraid,afraid.a.01,afraid.a.01,1
want,want.v.01,want.v.01,1
to,O,O,1
fly,fly.v.01,fly.v.01,1
above,O,O,1
clouds,cloud.n.02,cloud.n.02,1
called,call.v.03,call.v.01,0
misled,mislead.v.02,mislead.v.02,1
Only,O,merely.r.01,0
six,O,O,1
people,person.n.01,person.n.01,1
came,come.v.02,come.v.02,1
to,O,O,1
party,party.n.04,party.n.04,1
have,O,O,1
n't,O,O,1
received,receive.v.01,receive.v.01,1
anything,entity.n.01,entity.n.01,1
yet,O,O,1
is,be.v.03,O,0
to,O,O,1
east,east.n.05,east.n.05,1
of,O,O,1
wo,O,O,1
n't,O,O,1
bite,bite.v.01,bite.n.01,0
fells,fell.v.01,fell.v.01,1
trees,tree.n.01,tree.n.01,1
in,O,O,1
mountain,mountain.n.01,mountain.n.01,1
war,war.n.01,war.n.01,1
in,O,O,1
broke,break_out.v.01,break_out.v.01,1
out,O,O,1
ten,O,O,1
years,year.n.01,year.n.01,1
ago,O,O,1
Everybody,person.n.01,person.n.01,1
calls,call.v.01,call.v.05,0
small,small.a.01,small.a.01,1
cat,cat.n.01,cat.n.01,1
had,O,O,1
eyes,eye.n.01,eye.n.01,1
checked,check.v.01,check_in.v.01,0
do,O,O,1
n't,O,O,1
like,like.v.02,like.v.02,1
coffee,coffee.n.01,coffee.n.01,1
took,take.v.16,take.v.02,0
picture,picture.n.01,picture.n.01,1
of,O,O,1
dog,dog.n.01,dog.n.01,1
and,O,O,1
sent,send.v.03,send.v.01,0
to,O,O,1
festival,festival.n.02,festival.n.02,1
is,O,O,1
free,free.a.03,free.a.04,0
punished,punish.v.01,punish.v.01,1
children,child.n.02,child.n.02,1
came,come.v.02,come.v.02,1
at,O,O,1
about,O,O,1
six,O,O,1
'm,O,O,1
still,O,O,1
thirsty,thirsty.a.02,thirsty.a.02,1
'm,be.v.02,O,0
one,person.n.01,person.n.01,1
killed,kill.v.01,kill.v.01,1
's,O,O,1
brilliant,brilliant.a.01,O,0
hid,hide.v.01,hide.v.02,0
face,face.n.01,face.n.01,1
in,O,O,1
hands,hand.n.01,hand.n.01,1
knows,know.v.01,know.v.01,1
lied,lie.v.05,lie.v.05,1
arrived,arrive.v.01,arrive.v.01,1
at,O,O,1
station,station.n.01,station.n.01,1
five,O,O,1
kind,entity.n.01,entity.n.01,1
of,O,O,1
stone,stone.n.01,stone.n.01,1
is,be.v.01,O,0
substituted,substitute.v.01,substitute.v.02,0
injured,injured.a.01,injured.a.01,1
player,player.n.01,player.n.01,1
witch,witch.n.01,witch.n.01,1
threw,throw.v.01,throw.v.01,1
toad,toad.n.01,toad.n.01,1
into,O,O,1
cauldron,cauldron.n.01,caldron.n.01,0
's,O,O,1
house,house.n.01,house.n.01,1
was,O,O,1
destroyed,destroy.v.01,destroy.v.01,1
by,O,O,1
hurricane,hurricane.n.01,hurricane.n.01,1
'll,O,O,1
put,put.v.01,put.v.01,1
somewhere,location.n.01,location.n.01,1
safe,safe.a.01,safe.a.01,1
filled,fill.v.01,fill.v.01,1
vase,vase.n.01,vase.n.01,1
with,O,O,1
water,water.n.01,water.n.06,0
used,O,O,1
to,O,O,1
love,love.v.03,love.v.01,0
left,leave.v.01,leave.v.01,1
bedroom,bedroom.n.01,bedroom.n.01,1
and,O,O,1
entered,enter.v.01,enter.v.01,1
living~room,living_room.n.01,living_room.n.01,1
How,O,O,1
much,O,O,1
does,O,O,1
cost,cost.v.01,cost.v.01,1
need,need.v.02,need.v.02,1
to,O,O,1
shit,shit.v.02,shit.n.01,0
dentist,dentist.n.01,dentist.n.01,1
pulled,pull.v.15,pull.v.15,1
bad,bad.a.03,bad.a.07,0
tooth,tooth.n.01,tooth.n.01,1
's,be.v.08,O,0
not,O,O,1
good,good.a.08,good.a.01,0
cook,cook.n.01,O,0
emigrated,emigrate.v.01,emigrate.v.01,1
to,O,O,1
when,O,O,1
was,O,O,1
thirty,O,O,1
car,car.n.01,car.n.01,1
is,O,O,1
exceeding,exceed.v.01,exceed.v.01,1
speed~limit,speed_limit.n.01,O,0
is,O,O,1
timid,timid.a.01,timid.a.01,1
n't,O,O,1
's,O,O,1
traitor,traitor.n.01,traitor.n.01,1
Many,O,O,1
peasants,peasant.n.01,peasant.n.01,1
died,die.v.01,die.v.01,1
during,O,O,1
drought,drought.n.01,drought.n.01,1
're,O,O,1
unhappy,unhappy.a.01,unhappy.a.01,1
Sue,female.n.02,sue.n.01,0
picked,pick_up.v.02,pick.v.02,0
up,O,O,1
pencil,pencil.n.01,pencil.n.01,1
off,O,O,1
floor,floor.n.01,floor.n.01,1
Palestine,region.n.03,palestine.n.01,0
is,O,O,1
called,call.v.01,call.v.01,1
in,O,O,1
prince,prince.n.01,prince.n.01,1
slew,slay.v.01,swerve.v.01,0
dragon,dragon.n.01,dragon.n.01,1
There,O,O,1
were,be.v.03,O,0
many,O,O,1
students,student.n.01,student.n.01,1
in,O,O,1
room,room.n.01,room.n.01,1
write,write.v.01,write.v.01,1
poems,poem.n.01,poem.n.01,1
is,be.v.01,O,0
Norwegian,country.n.02,country.n.02,1
town,town.n.01,town.n.01,1
think,think.v.01,think.v.01,1
is,O,O,1
drunk,drunk.a.01,drunk.a.01,1
is,O,O,1
always,time.n.01,O,0
smoking,smoke.v.01,smoke.v.01,1
did,O,O,1
vote,vote.v.01,vote.v.01,1
for,O,O,1
Playing,play.v.01,play.v.01,1
go,go.n.04,go.v.01,0
is,be.v.02,O,0
favorite,favorite.a.02,favorite.a.02,1
pastime,pastime.n.01,pastime.n.01,1
's,O,O,1
not,O,O,1
simple,simple.a.01,simple.n.01,0
showed,show.v.04,show.v.04,1
album,album.n.02,album.n.01,0
to,O,O,1
None,entity.n.01,entity.n.01,1
of,O,O,1
was,be.v.01,O,0
fault,fault.n.01,fault.n.01,1
have,O,O,1
been,be.v.03,O,0
to,O,O,1
twice,O,O,1
beautiful,beautiful.a.01,beautiful.a.01,1
place,place.n.01,O,0
loves,love.v.03,love.v.01,0
wife,wife.n.01,wife.n.01,1
tree,tree.n.01,tree.n.01,1
stopped,stop.v.02,stop.v.02,1
growing,grow.v.03,turn.v.07,0
is,O,O,1
n't,O,O,1
eating,eat.v.01,eat.v.01,1
apple,apple.n.01,apple.n.01,1
exaggerated,exaggerate.v.01,exaggerate.v.01,1
ca,O,O,1
n't,O,O,1
beat,beat.v.01,beat.v.01,1
at,O,O,1
chess,chess.n.02,chess.n.02,1
am,O,O,1
wetting,wet.v.01,wet.v.01,1
handkerchief,handkerchief.n.01,handkerchief.n.01,1
've,O,O,1
studied,study.v.04,study.v.01,0
Japanese,japanese.n.02,country.n.02,0
for,O,O,1
five,O,O,1
years,year.n.01,year.n.01,1
elephant,elephant.n.01,elephant.n.01,1
was,O,O,1
killed,kill.v.01,kill.v.01,1
by,O,O,1
hunter,hunter.n.01,hunter.n.01,1
Everyone,person.n.01,person.n.01,1
knows,know.v.04,know.v.01,0
everyone,person.n.01,person.n.01,1
had,O,O,1
purse,purse.n.01,purse.n.01,1
stolen,steal.v.01,steal.v.01,1
hates,hate.v.01,hate.v.01,1
pond,pond.n.01,pond.n.01,1
has,O,O,1
dried,dry_up.v.01,dry.v.01,0
up,O,O,1
express,express.n.02,express.a.02,0
arrives,arrive.v.01,arrive.v.01,1
at,O,O,1
was,be.v.01,O,0
blackmailer,blackmailer.n.01,blackmailer.n.01,1
Mongolian,country.n.02,mongolian.a.01,0
army,army.n.01,army.n.01,1
approached,approach.v.01,approach.v.01,1
city,city.n.01,city.n.01,1
name,name.n.01,name.n.01,1
is,be.v.02,O,0
How,O,O,1
far,far.a.01,far.a.01,1
is,O,O,1
dripped,drip.v.01,drip.v.01,1
Is,O,O,1
busy,busy.a.01,busy.a.01,1
was,O,O,1
expelled,expel.v.01,expel.v.01,1
from,O,O,1
private~school,private_school.n.01,O,0
live,live.v.01,live.v.01,1
in,O,O,1
now,O,O,1
's,O,O,1
very,very.r.01,very.r.01,1
tall,tall.a.01,tall.a.01,1
can,O,O,1
drive,drive.v.01,drive.v.01,1
now,O,O,1
put,put.v.01,put.v.01,1
all,entity.n.01,O,0
money,money.n.01,money.n.01,1
in,O,O,1
box,box.n.01,box.n.01,1
are,O,O,1
nice,nice.a.01,nice.a.01,1
bought,buy.v.01,buy.v.01,1
new,new.a.05,new.a.01,0
pair,O,pair.n.02,0
of,O,O,1
glasses,glasses.n.01,glasses.n.01,1
remember,remember.v.01,remember.v.01,1
meeting,meet.v.01,meeting.n.01,0
somewhere,location.n.01,location.n.01,1
was,O,O,1
sharpening,sharpen.v.01,sharpen.v.01,1
knife,knife.n.01,knife.n.01,1
are,O,O,1
naughty,naughty.a.02,naughty.a.02,1
All,O,O,1
students,student.n.01,student.n.01,1
are,O,O,1
present,present.a.02,present.a.02,1
comes,come.v.08,come.v.08,1
from,O,O,1
cooked,cook.v.02,cook.v.01,0
dinner,dinner.n.01,dinner.n.01,1
's,be.v.03,O,0
in,O,O,1
was,O,O,1
coughing,cough.v.01,cough.v.01,1
father,father.n.01,father.n.01,1
likes,like.v.02,like.v.02,1
strong,strong.a.04,strong.a.01,0
coffee,coffee.n.01,coffee.n.01,1
was,O,O,1
delicious,delicious.a.02,delicious.a.02,1
'm,O,O,1
sick,sick.a.04,sick.a.01,0
of,O,O,1
eating,eat.v.01,eat.v.01,1
fast~food,fast_food.n.01,fast_food.n.01,1
wedding,wedding.n.01,wedding.n.01,1
will,O,O,1
take,take_place.v.01,take_place.v.01,1
place,O,O,1
on,O,O,1
Yumi,female.n.02,O,0
is,O,O,1
good,good.a.01,good.a.01,1
at,O,O,1
playing,play.v.01,play.v.01,1
tennis,tennis.n.01,tennis.n.01,1
bought,buy.v.01,buy.v.01,1
hat,hat.n.01,hat.n.01,1
at,O,O,1
store,store.n.01,store.n.01,1
Can,O,O,1
borrow,borrow.v.01,borrow.v.01,1
hair~dryer,hair_dryer.n.01,hair_dryer.n.01,1
boss,boss.n.01,boss.n.01,1
is,O,O,1
suffering,suffer.v.02,suffer.v.02,1
from,O,O,1
bad,bad.a.02,bad.a.07,0
cold,cold.n.01,cold.n.01,1
kind,entity.n.01,entity.n.01,1
of,O,O,1
inhaler,inhaler.n.01,inhaler.n.01,1
do,O,O,1
use,use.v.01,use.v.01,1
've,O,O,1
been,O,O,1
dreaming,dream.v.01,dream.v.01,1
of,O,O,1
trip,trip.n.01,trip.n.01,1
for,O,O,1
long,long.a.01,long.a.02,0
time,time.n.03,time.n.02,0
is,be.v.01,O,0
old,old.a.01,old.a.01,1
castle,castle.n.02,castle.n.02,1
climbed,climb.v.01,climb.v.01,1
to,O,O,1
summit,summit.n.02,acme.n.01,0
has,O,O,1
been,O,O,1
living,live.v.01,live.v.01,1
in,O,O,1
for,O,O,1
three,O,O,1
years,year.n.01,year.n.01,1
washed,wash.v.01,wash.v.02,0
carpet,carpet.n.01,carpet.n.01,1
offered,offer.v.02,offer.v.02,1
handkerchief,handkerchief.n.01,handkerchief.n.01,1
showed,show.v.04,show.v.04,1
photo,photo.n.01,photo.n.01,1
opened,open.v.01,open.v.01,1
freezer,freezer.n.01,deep-freeze.n.01,0
and,O,O,1
got,get_out.v.02,O,0
out,O,O,1
ice~cream,ice_cream.n.01,ice_cream.n.01,1
ticket,ticket.n.01,ticket.n.01,1
is,O,O,1
valid,valid.a.02,valid.a.01,0
to,O,O,1
are,O,O,1
insured,insure.v.03,see.v.10,0
with,O,O,1
damned,damned.a.01,curse.v.03,0
computer,computer.n.01,computer.n.01,1
wo,O,O,1
n't,O,O,1
work,work.v.04,work.v.02,0
old,old.n.01,old.a.01,0
woman,woman.n.01,woman.n.01,1
exited,exit.v.01,exit.v.01,1
bus,bus.n.01,bus.n.01,1
ca,O,O,1
n't,O,O,1
stop,stop.v.01,stop.v.01,1
now,O,O,1
cooked,cook.v.01,cook.v.01,1
dinner,dinner.n.01,dinner.n.01,1
charged,charge.v.03,charge.v.02,0
dollars,dollar.n.01,dollar.n.01,1
hour,hour.n.01,hour.n.01,1
for,O,O,1
mowing,mow.v.01,mow.v.01,1
lawns,lawn.n.01,lawn.n.01,1
am,O,O,1
clearing,clear.v.24,clear.v.24,1
throat,throat.n.01,throat.n.01,1
If,O,O,1
're,O,O,1
tired,tired.a.01,tired.a.01,1
go,go.v.01,go.v.01,1
to,O,O,1
bed,bed.n.01,bed.n.01,1
medical,medical.a.01,medical.a.01,1
technology,technology.n.01,technology.n.01,1
has,O,O,1
been,be.v.02,O,0
one,O,person.n.01,0
of,O,O,1
spin-offs,spin-off.n.01,by-product.n.02,0
space~program,space_program.n.01,O,0
grabbed,grab.v.03,grab.v.05,0
bag,bag.n.01,bag.n.01,1
's,O,O,1
dog,dog.n.01,dog.n.01,1
is,O,O,1
brown,brown.a.01,brown.a.01,1
used,O,O,1
to,O,O,1
love,love.v.03,love.v.01,0
do,O,O,1
not,O,O,1
accept,accept.v.02,accept.v.03,0
tips,tip.n.02,tip.n.01,0
dictionary,dictionary.n.01,dictionary.n.01,1
contains,contain.v.01,contain.v.02,0
about,O,O,1
half~a~million,O,O,1
words,word.n.01,word.n.01,1
diced,dice.v.01,cube.v.02,0
carrots,carrot.n.01,carrot.n.01,1
and,O,O,1
added,add.v.01,add.v.01,1
to,O,O,1
stew,stew.n.02,stew.n.02,1
'm,O,O,1
going,go.v.01,go.v.01,1
to,O,O,1
restaurant,restaurant.n.01,restaurant.n.01,1
'm,O,O,1
not,O,O,1
hungry,hungry.a.01,hungry.a.01,1
right,O,O,1
now,O,O,1
was,O,O,1
risky,risky.a.01,hazardous.s.01,0
dog,dog.n.01,dog.n.01,1
is,O,O,1
sensitive,sensitive.a.03,sensitive.a.01,0
to,O,O,1
smell,smell.n.01,smell.v.01,0
farm,farm.n.01,farm.n.01,1
belongs,belong.v.01,belong.v.01,1
to,O,O,1
family,family.n.04,family.n.04,1
're,O,O,1
winning,win.v.01,win.v.01,1
checked,check.v.01,check_in.v.01,0
twice,O,O,1
bag,bag.n.01,bag.n.01,1
is,O,O,1
very,very.r.01,very.r.01,1
heavy,heavy.a.01,heavy.a.01,1
As~soon~as,O,O,1
sat,sit_down.v.01,sit.v.01,0
down,O,O,1
picked,pick_up.v.02,pick.v.02,0
up,O,O,1
telephone,telephone.n.01,telephone.n.01,1
left,leave.v.02,leave.v.01,0
cat,cat.n.01,cat.n.01,1
outside,O,outside.n.01,0
house,house.n.01,house.n.01,1
is,be.v.01,O,0
very,very.r.01,very.r.01,1
beautiful,beautiful.a.01,beautiful.a.01,1
girl,girl.n.01,girl.n.01,1
Someone,person.n.01,person.n.01,1
stole,steal.v.01,steal.v.01,1
driving~licence,driving_licence.n.01,O,0
terrorists,terrorist.n.01,terrorist.n.01,1
have,O,O,1
failed,fail.v.02,fail.v.01,0
ordered,order.v.02,order.v.02,1
book,book.n.02,book.n.02,1
from,O,O,1
plastic,plastic.n.01,plastic.n.01,1
chair,chair.n.01,chair.n.01,1
is,O,O,1
cheap,cheap.a.01,cheap.a.03,0
teeth,tooth.n.01,tooth.n.01,1
were,O,O,1
white,white.a.01,white.a.01,1
made,make.v.39,make.v.06,0
cookies,cookie.n.01,cookie.n.01,1
was,O,O,1
born,bear.v.02,bear.v.02,1
on,O,O,1
love,love.v.01,love.v.01,1
comic~books,comic_book.n.01,comic_book.n.01,1
has,O,O,1
hit,hit.v.08,hit.v.03,0
jackpot,jackpot.n.01,pot.n.06,0
once~again,O,O,1
kind,entity.n.01,entity.n.01,1
of,O,O,1
souvenirs,souvenir.n.01,keepsake.n.01,0
did,O,O,1
buy,buy.v.01,buy.v.01,1
ran,run_into.v.04,run_away.v.01,0
into,O,O,1
in,O,O,1
street,street.n.01,street.n.01,1
restaurant,restaurant.n.01,restaurant.n.01,1
is,O,O,1
empty,empty.a.01,empty.a.01,1
was,O,O,1
n't,O,O,1
flirting,flirt.v.01,flirt.v.01,1
love,love.v.01,love.v.01,1
hot~dogs,hot_dog.n.02,hot_dog.n.02,1
tapped,tap.v.03,tap.v.03,1
on,O,O,1
shoulder,shoulder.n.01,shoulder.n.01,1
ca,O,O,1
n't,O,O,1
afford,afford.v.03,afford.v.01,0
to,O,O,1
buy,buy.v.01,buy.v.01,1
laptop,laptop.n.01,laptop.n.01,1
for,O,O,1
son,son.n.01,son.n.01,1
hate,hate.v.01,hate.v.01,1
is,O,O,1
happy,happy.a.01,happy.a.01,1
now,O,O,1
one,person.n.01,person.n.01,1
's,O,O,1
working,work.v.01,work.v.02,0
's,be.v.01,O,0
nice,nice.a.01,nice.a.01,1
T-shirt,t-shirt.n.01,t-shirt.n.01,1
costs,cost.v.01,cost.v.01,1
euros,euro.n.01,euro.n.01,1
is,be.v.08,O,0
not,O,O,1
good,good.a.08,good.a.01,0
driver,driver.n.01,driver.n.01,1
Everyone,person.n.01,person.n.01,1
was,O,O,1
hungry,hungry.a.01,hungry.a.01,1
and,O,O,1
are,be.v.01,O,0
unbeatable,unbeatable.a.01,unbeatable.s.01,0
team,team.n.01,team.n.01,1
started,start.v.01,start.v.02,0
running,run.v.01,run.v.01,1
am,O,O,1
years,year.n.01,year.n.01,1
old,old.a.01,old.a.01,1
is,O,O,1
unperturbed,unperturbed.a.01,unflurried.s.01,0
bores,bore.v.01,bore.v.01,1
everybody,person.n.01,person.n.01,1
Where,location.n.01,location.n.01,1
did,O,O,1
guys,guy.n.01,guy.n.01,1
meet,meet.v.08,meet.v.02,0
There,O,O,1
are,be.v.03,O,0
more~than,O,O,1
nations,nation.n.01,state.n.04,0
in,O,O,1
world,world.n.04,world.n.04,1
died,die.v.01,die.v.01,1
three,O,O,1
years,year.n.01,year.n.01,1
ago,O,O,1
ship,ship.n.01,ship.n.01,1
left,leave.v.01,leave.v.01,1
Russia,state.n.04,soviet_union.n.01,0
rejected,reject.v.01,reject.v.02,0
demands,demand.n.01,demand.n.01,1
hurt,hurt.v.01,hurt.v.02,0
elbow,elbow.n.01,elbow.n.01,1
There,O,O,1
is,be.v.03,O,0
strange,strange.a.02,strange.a.01,0
man,man.n.01,man.n.01,1
at,O,O,1
door,door.n.01,door.n.01,1
Everyone,person.n.01,person.n.01,1
shook,shake.v.09,shake.v.09,1
hands,hand.n.01,hand.n.01,1
struck,strike.v.01,strike.v.13,0
wall,wall.n.01,wall.n.01,1
with,O,O,1
fist,fist.n.01,fist.n.01,1
smiled,smile.v.01,smile.v.02,0
hate,hate.v.01,hate.v.01,1
was,O,O,1
very,very.r.01,very.r.01,1
proud,proud.a.01,proud.a.01,1
of,O,O,1
's,O,O,1
very,very.r.01,very.r.01,1
knowledgeable,knowledgeable.a.01,knowing.s.04,0
pocketed,pocket.v.01,pocket.v.01,1
money,money.n.01,money.n.01,1
gave,give.v.03,give.v.03,1
does,O,O,1
n't,O,O,1
live,live.v.01,live.v.01,1
in,O,O,1
anymore,O,O,1
casino,casino.n.01,casino.n.01,1
is,O,O,1
losing,lose.v.07,lose.v.01,0
money,money.n.01,money.n.01,1
cat,cat.n.01,cat.n.01,1
sprang,spring.v.01,O,0
at,O,O,1
bird,bird.n.01,bird.n.01,1
felt,feel.v.01,feel.v.03,0
deep,deep.a.05,deep.a.03,0
pain,pain.n.01,pain.n.01,1
went,go.v.01,go.v.01,1
on,O,O,1
foot,foot.n.01,foot.n.01,1
filled,fill.v.01,fill.v.01,1
glasses,glasses.n.03,glasses.n.01,0
with,O,O,1
wine,wine.n.01,wine.n.01,1
man,man.n.01,man.n.01,1
is,O,O,1
playing,play.v.07,play.v.01,0
guitar,guitar.n.01,guitar.n.01,1
've,O,O,1
scolded,scold.v.01,call_on_the_carpet.v.01,0
many,O,O,1
times,time.n.01,time.n.01,1
atomic,atomic.a.02,atomic.a.01,0
tests,test.n.05,trial.n.02,0
at,O,O,1
took,take_place.v.01,take.v.02,0
place,O,O,1
in,O,O,1
owes,owe.v.03,owe.v.03,1
ten,O,O,1
dollars,dollar.n.01,dollar.n.01,1
are,be.v.02,O,0
leftovers,leftovers.n.01,leftovers.n.01,1
from,O,O,1
lunch,lunch.n.01,lunch.n.01,1
studied,study.v.04,study.v.01,0
law,law.n.06,law.n.01,0
at,O,O,1
bowed,bow.v.03,bow.v.03,1
to,O,O,1
teacher,teacher.n.01,teacher.n.01,1
's,O,O,1
by~no~means,O,O,1
lacking,lack.v.01,miss.v.06,0
in,O,O,1
consideration,consideration.n.04,consideration.n.01,0
just,just.r.01,just.r.03,0
shy,shy.a.01,shy.a.01,1
was,O,O,1
brave,brave.a.01,brave.a.01,1
dog,dog.n.01,dog.n.01,1
was,O,O,1
hit,hit.v.02,hit.v.03,0
by,O,O,1
car,car.n.01,car.n.01,1
watch,watch.n.01,watch.n.01,1
is,O,O,1
slow,slow.a.04,slow.a.04,1
does,O,O,1
not,O,O,1
love,love.v.01,love.v.01,1
cheese,cheese.n.01,cheese.n.01,1
committee,committee.n.01,committee.n.01,1
consists,consist.v.04,consist.v.04,1
of,O,O,1
twelve,O,O,1
members,member.n.01,member.n.01,1
feet,foot.n.01,foot.n.02,0
are,O,O,1
cold,cold.a.01,cold.n.01,0
sky,sky.n.01,sky.n.01,1
is,O,O,1
blue,blue.a.01,blue.a.01,1
lives,live.v.01,live.v.01,1
in,O,O,1
slum,slum.n.01,slum.n.01,1
Do,O,O,1
n't,O,O,1
spill,spill.v.05,spill.v.05,1
beans,secret.n.01,bean.n.01,0
'm,O,O,1
interested,interested.a.01,interested.a.01,1
in,O,O,1
music,music.n.01,music.n.01,1
was,be.v.01,O,0
boy,boy.n.01,boy.n.01,1
said,say.v.02,say.v.01,0
impatiently,impatiently.r.01,impatiently.r.01,1
glanced,glance.v.01,glance.v.01,1
towards,O,O,1
Hundreds~of~thousands,O,O,1
of,O,O,1
women,woman.n.01,woman.n.01,1
had,O,O,1
been,O,O,1
raped,rape.v.01,rape.v.01,1
currently,O,O,1
employs,employ.v.02,employ.v.02,1
people,person.n.01,person.n.01,1
How,O,O,1
many,O,O,1
people,person.n.01,person.n.01,1
survived,survive.v.01,survive.v.01,1
concentration~camp,concentration_camp.n.01,O,0
are,O,O,1
brake~pads,brake_pad.n.01,O,0
made,make.v.06,make.v.06,1
of,O,O,1
armed,arm.v.02,armed.a.01,0
with,O,O,1
pistol,pistol.n.01,pistol.n.01,1
bought,buy.v.01,buy.v.01,1
drinks,drink.n.01,drink.v.01,0
lot,O,O,1
of,O,O,1
pens,pen.n.01,pen.n.01,1
's,O,O,1
not,O,O,1
jealous,jealous.a.02,jealous.a.01,0
adores,adore.v.01,adore.v.01,1
is,O,O,1
not,O,O,1
Korean,country.n.02,country.n.02,1
There,O,O,1
is,be.v.03,O,0
red,red.a.01,red.a.01,1
rose,rose.n.01,rise.v.01,0
in,O,O,1
pot,pot.n.04,pot.n.01,0
According,according.a.02,according.a.02,1
to,O,O,1
survey,survey.n.01,survey.n.02,0
people,person.n.01,person.n.01,1
are,O,O,1
suffering,suffer.v.01,suffer.v.02,0
from,O,O,1
poverty,poverty.n.01,poverty.n.01,1
in,O,O,1
world,world.n.01,world.n.04,0
small,small.a.01,small.a.01,1
skirt,skirt.n.01,skirt.n.01,1
is,O,O,1
pink,pink.a.01,pink.a.01,1
plane,plane.n.01,plane.n.01,1
flew,fly.v.01,fly.v.01,1
east,east.n.05,east.n.05,1
called,call.v.03,call.v.01,0
but,O,O,1
line,line.n.15,line.n.09,0
was,O,O,1
busy,busy.a.05,busy.a.01,0
is,be.v.08,O,0
expert,expert.a.01,adept.s.01,0
watchmaker,watchmaker.n.01,watchmaker.n.01,1
offered,offer.v.02,offer.v.02,1
fifty,O,O,1
pence,penny.n.01,penny.n.01,1
and,O,O,1
accepted,accept.v.02,accept.v.02,1
When,O,O,1
heard,hear.v.02,hear.v.01,0
was,O,O,1
dumbfounded,dumbfounded.a.01,dumbfounded.a.01,1
was,O,O,1
totally,totally.r.01,totally.r.01,1
secret,secret.a.01,secret.a.06,0
is,O,O,1
still,O,O,1
celebrating,celebrate.v.02,observe.v.06,0
explored,explore.v.02,explore.v.02,1
in,O,O,1
is,be.v.08,O,0
good,good.a.08,good.a.01,0
violinist,violinist.n.01,violinist.n.01,1
n't,O,O,1
allergic,allergic.a.02,allergic.a.02,1
to,O,O,1
plants,plant.n.02,plant.n.01,0
've,O,O,1
always,time.n.01,O,0
hated,hate.v.01,hate.v.01,1
boy,boy.n.01,boy.n.01,1
looked,look_like.v.01,look.v.02,0
like,O,like.v.02,0
grownup,grownup.n.01,adult.n.01,0
ruined,ruin.v.01,ruin.v.01,1
has,O,O,1
won,win.v.01,win.v.01,1
many,O,O,1
races,race.n.02,race.n.01,0
Seven,O,seven.s.01,0
vehicles,vehicle.n.01,vehicle.n.01,1
were,O,O,1
destroyed,destroy.v.01,destroy.v.01,1
dog,dog.n.01,dog.n.01,1
nipped,nip.v.02,pinch.v.01,0
at,O,O,1
sat,sit.v.03,sit.v.01,0
at,O,O,1
desk,desk.n.01,desk.n.01,1
suffered,suffer.v.02,suffer.v.02,1
from,O,O,1
smog,smog.n.01,smog.n.01,1
've,O,O,1
attempted,attempt.v.01,attempt.v.01,1
suicide,suicide.n.01,suicide.n.01,1
twice,O,O,1
is,O,O,1
walking,walk.v.09,walk.v.01,0
dog,dog.n.01,dog.n.01,1
boys,boy.n.01,boy.n.01,1
set,set_up.v.03,set_down.v.01,0
up,O,O,1
hockey~rink,ice-hockey_rink.n.01,O,0
on,O,O,1
frozen,frozen.a.01,frozen.a.05,0
pond,pond.n.01,pond.n.01,1
had,O,O,1
signed,sign.v.01,sign.v.02,0
treaty,treaty.n.01,treaty.n.01,1
with,O,O,1
government,government.n.01,government.n.01,1
in,O,O,1
mispronounces,mispronounce.v.01,O,0
many,O,O,1
words,word.n.01,word.n.01,1
was,be.v.02,O,0
's,O,O,1
last~name,last_name.n.01,last_name.n.01,1
has,have.v.01,O,0
book,book.n.02,book.n.02,1
flight,flight.n.02,flight.n.09,0
to,O,O,1
should,O,O,1
take,take.v.02,take_place.v.01,0
about,O,O,1
ninety,O,ninety.n.01,0
minutes,minute.n.01,minute.n.01,1
pregnant,pregnant.a.01,pregnant.a.01,1
ran,run_away.v.01,run_away.v.01,1
away,O,O,1
with,O,O,1
tears,tear.n.01,tear.n.01,1
in,O,O,1
eyes,eye.n.01,eye.n.01,1
Nobody,person.n.01,person.n.01,1
encouraged,encourage.v.02,encourage.v.02,1
is,O,O,1
escaping,escape.v.06,escape.v.01,0
has,O,O,1
been,be.v.03,O,0
to,O,O,1
three,O,O,1
times,time.n.01,time.n.01,1
cleared,clear.v.24,clear.v.01,0
throat,throat.n.01,throat.n.01,1
and,O,O,1
continued,continue.v.01,continue.v.01,1
to,O,O,1
speak,speak.v.01,speak.v.03,0
saw,see.v.03,see.v.01,0
nothing,entity.n.01,entity.n.01,1
is,O,O,1
n't,O,O,1
simple,simple.a.01,simple.a.01,1
know,know.v.04,know.v.01,0
but,O,O,1
does,O,O,1
n't,O,O,1
There,O,O,1
is,be.v.03,O,0
someone,person.n.01,person.n.01,1
in,O,O,1
room,room.n.01,room.n.01,1
managed,manage.v.01,manage.v.01,1
to,O,O,1
sell,sell.v.01,sell.v.01,1
car,car.n.01,car.n.01,1
for,O,O,1
lot,O,O,1
of,O,O,1
money,money.n.01,money.n.01,1
'm,be.v.08,O,0
truck~driver,truck_driver.n.01,truck_driver.n.01,1
'm,O,O,1
happy,happy.a.01,happy.a.01,1
too,O,O,1
reeled,reel.v.03,stagger.v.01,0
in,O,O,1
huge,huge.a.01,huge.a.01,1
fish,fish.n.01,fish.n.01,1
yesterday,O,O,1
is,O,O,1
plastered,plastered.a.03,plastered.a.03,1
is,O,O,1
man,man.n.01,man.n.01,1
more~than,O,O,1
forty,O,O,1
years,year.n.01,year.n.01,1
old,old.a.01,old.a.01,1
Let,O,O,1
's,O,O,1
escape,escape.v.01,escape.v.01,1
together,O,O,1
peeled,peel.v.01,skin.v.04,0
potatoes,potato.n.01,potato.n.01,1
's,O,O,1
had,have.v.07,O,0
lot,O,O,1
of,O,O,1
girlfriends,girlfriend.n.02,girlfriend.n.01,0
was,O,O,1
paralyzed,paralyze.v.02,paralyze.v.01,0
with,O,O,1
terror,terror.n.01,panic.n.01,0
is,O,O,1
awake,awake.a.01,awake.a.01,1
now,O,O,1
was,be.v.08,O,0
American,country.n.02,country.n.02,1
linguist,linguist.n.01,linguist.n.01,1
is,O,O,1
divorcing,divorce.v.02,disassociate.v.01,0
was,O,O,1
accompanied,accompany.v.04,accompany.v.03,0
by,O,O,1
wife,wife.n.01,wife.n.01,1
Would,O,O,1
stop,stop.v.02,stop.v.01,0
babbling,babble.v.01,babble.v.01,1
wrung,wring.v.01,contort.v.01,0
chicken,chicken.n.02,chicken.n.02,1
's,O,O,1
neck,neck.n.01,neck.n.01,1
called,call.v.01,call.v.01,1
stuffed,stuffed.a.01,stuff.v.01,0
squirrel,squirrel.n.01,squirrel.n.01,1
wore,wear.v.02,wear.v.01,0
flower,flower.n.01,flower.n.01,1
crown,crown.n.04,crown.n.01,0
arrived,arrive.v.01,arrive.v.01,1
two,O,O,1
days,day.n.01,day.n.01,1
ago,O,O,1
was,O,O,1
staring,stare.v.01,stare.v.01,1
at,O,O,1
nuisance,nuisance.n.02,nuisance.n.01,0
child,child.n.01,child.n.01,1
is,be.v.01,O,0
building,building.n.01,building.n.01,1
has,have.v.02,O,0
name,name.n.01,name.n.01,1
lost,lose.v.04,lose.v.02,0
mobile~phone,mobile_phone.n.01,mobile_phone.n.01,1
sailed,sail.v.01,sail.v.01,1
're,O,O,1
not,O,O,1
sure,sure.a.01,sure.a.01,1
where,location.n.01,location.n.01,1
is,be.v.03,O,0
brushed,brush.v.01,brush.v.01,1
hair,hair.n.01,hair.n.01,1
fire~fighters,fire_fighter.n.01,O,0
put,put_out.v.03,put.v.01,0
out,O,O,1
fire,fire.n.01,fire.n.01,1
shivered,shiver.v.02,shiver.v.01,0
'm,O,O,1
fantastic,fantastic.a.02,fantastic.a.02,1
have,O,O,1
been,be.v.03,O,0
to,O,O,1
many,O,O,1
times,time.n.01,time.n.01,1
works,work.v.02,work.v.02,1
for,O,O,1
bank,bank.n.02,bank.n.02,1
am,be.v.02,O,0
want,want.v.01,want.v.01,1
to,O,O,1
marry,marry.v.01,marry.v.01,1
stone,stone.n.01,stone.n.01,1
is,O,O,1
beautiful,beautiful.a.01,beautiful.a.01,1
Where,location.n.01,location.n.01,1
did,O,O,1
find,find.v.01,find.v.03,0
have,have.v.01,O,0
orange,orange.n.01,orange.n.01,1
and,O,O,1
apple,apple.n.01,apple.n.01,1
There,O,O,1
are,be.v.03,O,0
tennis~courts,tennis_court.n.01,O,0
in,O,O,1
park,park.n.02,park.n.02,1
Something,entity.n.01,entity.n.01,1
bit,bite.v.01,O,0
made,make.v.24,make.v.06,0
huge,huge.a.01,huge.a.01,1
mistake,mistake.n.01,mistake.n.01,1
climbed,climb.v.01,climb.v.01,1
is,be.v.08,O,0
detective,detective.n.01,detective.n.01,1
did,do.v.02,O,0
few,O,O,1
times,time.n.01,time.n.01,1
am,O,O,1
lesbian,lesbian.a.01,lesbian.n.01,0
was,O,O,1
wearing,wear.v.02,wear.v.01,0
mask,mask.n.01,mask.n.01,1
bell,bell.n.03,bell.n.02,0
rang,ring.v.01,ring.v.01,1
and,O,O,1
train,train.n.01,train.n.01,1
began,begin.v.03,begin.v.01,0
to,O,O,1
move,move.v.01,travel.v.01,0
paid,pay.v.01,pay.v.01,1
twenty~thousand,O,O,1
yen,yen.n.02,yen.n.02,1
for,O,O,1
hearing~aid,hearing_aid.n.01,hearing_aid.n.01,1
'm,O,O,1
sitting,sit.v.01,sit.v.01,1
next,next.a.02,next.a.02,1
to,O,O,1
has,have.v.04,O,0
three~thousand,O,O,1
books,book.n.02,book.n.02,1
retired,retire.v.01,retired.a.01,0
in,O,O,1
Dinosaur,dinosaur.n.01,dinosaur.n.01,1
remains,remains.n.02,remain.v.01,0
were,O,O,1
found,find.v.02,find.v.01,0
in,O,O,1
belongs,belong.v.05,belong.v.01,0
to,O,O,1
fire,fire.n.04,fire.n.01,0
is,O,O,1
out,out.a.02,O,0
Four,O,O,1
times,times.n.02,time.n.01,0
five,O,O,1
is,be.v.06,O,0
twenty,O,O,1
bought,buy.v.01,buy.v.01,1
old,old.a.02,old.a.01,0
lamp,lamp.n.02,lamp.n.01,0
elder,old.a.01,elder.n.01,0
sister,sister.n.01,sister.n.01,1
is,O,O,1
older,old.a.01,old.a.01,1
than,O,O,1
eldest,old.a.01,firstborn.s.01,0
brother,brother.n.01,brother.n.01,1
paid,pay.v.01,pay.v.01,1
at~most,O,O,1
ten~thousand,O,O,1
dollars,dollar.n.01,dollar.n.01,1
wind,wind.n.01,wind.n.01,1
has,O,O,1
abated,abate.v.01,slake.v.02,0
Do,O,O,1
know,know.v.01,know.v.01,1
where,location.n.01,location.n.01,1
watch,watch.n.01,watch.n.01,1
is,be.v.03,O,0
is,O,O,1
too,too.r.01,O,0
weak,weak.a.07,weak.a.01,0
to,O,O,1
work,work.v.02,work.v.02,1
bathtub,bathtub.n.01,bathtub.n.01,1
overflowed,overflow.v.01,overflow.v.01,1
while,O,while.n.01,0
was,O,O,1
talking,talk.v.01,talk.v.01,1
on,O,O,1
phone,phone.n.01,phone.n.01,1
Two,O,O,1
plus,plus.n.02,plus.n.02,1
two,O,O,1
makes,make.v.32,make.v.24,0
four,O,O,1
died,die.v.01,die.v.01,1
years,year.n.01,year.n.01,1
ago,O,O,1
Nobody,person.n.01,person.n.01,1
lives,live.v.01,live.v.01,1
in,O,O,1
house,house.n.01,house.n.01,1
There,O,O,1
were,be.v.03,O,0
many,O,O,1
rotten,rotten.a.02,rotten.a.02,1
apples,apple.n.01,apple.n.01,1
in,O,O,1
basket,basket.n.01,basket.n.01,1
owns,own.v.01,own.v.01,1
two~thousand,O,O,1
books,book.n.02,book.n.02,1
could,O,O,1
n't,O,O,1
come,come.v.01,come.v.02,0
to,O,O,1
birthday~party,birthday_party.n.01,O,0
like,like.v.03,like.v.02,0
chocolate~ice~cream,chocolate_ice_cream.n.01,chocolate_ice_cream.n.01,1
is,O,O,1
younger,young.a.01,young.a.01,1
than,O,O,1
's,O,O,1
three,O,O,1
years,year.n.01,year.n.01,1
older,old.a.01,old.a.01,1
than,O,O,1
do,O,O,1
n't,O,O,1
have,have.v.01,O,0
number,number.n.04,number.n.04,1
bridge,bridge.n.01,bridge.n.01,1
looks,look.v.02,look_like.v.01,0
steady,steady.a.03,steady.a.01,0
paid,pay.v.01,pay.v.01,1
with,O,O,1
credit~card,credit_card.n.01,credit_card.n.01,1
will,O,O,1
visit,visit.v.07,visit.v.01,0
's,be.v.01,O,0
trap,trap.n.03,trap.n.01,0
'm,O,O,1
angry,angry.a.01,angry.a.01,1
with,O,O,1
was,O,O,1
born,bear.v.02,bear.v.02,1
in,O,O,1
is,be.v.02,O,0
scientific,scientific.a.01,scientific.a.01,1
name,name.n.01,name.n.01,1
for,O,O,1
tobacco,tobacco.n.01,tobacco.n.02,0
Where,location.n.01,location.n.01,1
is,be.v.03,O,0
How,O,O,1
high,high.a.02,high.a.02,1
is,O,O,1
pitcher's~mound,pitcher's_mound.n.01,O,0
is,be.v.08,O,0
is,O,O,1
n't,O,O,1
very,very.r.01,very.r.01,1
hungry,hungry.a.01,hungry.a.01,1
left,leave.v.01,leave.v.01,1
ten,O,O,1
minutes,minute.n.01,minute.n.01,1
ago,O,O,1
received,receive.v.01,receive.v.01,1
award,award.n.02,award.n.02,1
posthumously,posthumously.r.01,posthumously.r.01,1
washed,wash.v.09,wash.v.02,0
blood,blood.n.01,blood.n.01,1
off,O,O,1
hands,hand.n.01,hand.n.01,1
married,marry.v.01,marry.v.01,1
fireman,fireman.n.04,fireman.n.04,1
sat,sit_down.v.01,sit.v.01,0
down,O,O,1
beside,O,O,1
wound,wound.n.01,wound.n.01,1
is,O,O,1
healing,heal.v.02,mend.v.02,0
flower,flower.n.01,flower.n.01,1
is,be.v.01,O,0
kind,entity.n.01,entity.n.01,1
of,O,O,1
rose,rose.n.01,rise.v.01,0
wiped,wipe_out.v.04,wipe.v.01,0
out,O,O,1
of,O,O,1
memory,memory.n.02,memory.n.01,0
bumped,bump_into.v.01,bump_into.v.01,1
into,O,O,1
window,window.n.01,window.n.01,1
Japanese,japanese.n.02,country.n.02,0
is,be.v.02,O,0
mother~tongue,mother_tongue.n.01,mother_tongue.n.01,1
prepared,prepare.v.02,prepare.v.01,0
lunch,lunch.n.01,lunch.n.01,1
for,O,O,1
stinks,stink.v.02,stink.v.02,1
was,be.v.02,O,0
first,O,O,1
gold~medal,gold_medal.n.01,gold_medal.n.01,1
had,O,O,1
won,win.v.01,win.v.01,1
meeting,meeting.n.01,meeting.n.01,1
broke,break_up.v.13,break_out.v.01,0
up,O,O,1
at,O,O,1
seven,O,O,1
love,love.v.01,love.v.01,1
vanilla~ice~cream,vanilla_ice_cream.n.01,vanilla_ice_cream.n.01,1
water,water.n.01,water.n.06,0
's,O,O,1
leaking,leak.v.03,leak.v.04,0
from,O,O,1
elbow,elbow.n.03,elbow.n.01,0
of,O,O,1
pipe,pipe.n.02,pipe.n.01,0
'm,O,O,1
unhappy,unhappy.a.01,unhappy.a.01,1
am,be.v.03,O,0
from,O,O,1
gun,gun.n.01,gun.n.01,1
is,O,O,1
n't,O,O,1
loaded,loaded.a.02,load.v.01,0
do,O,O,1
not,O,O,1
want,want.v.01,want.v.01,1
to,O,O,1
clean,clean_up.v.03,clean.v.01,0
up,O,O,1
dog,dog.n.01,dog.n.01,1
poop,poop.n.01,poop.n.01,1
Nowadays,O,O,1
anybody,person.n.01,person.n.01,1
can,O,O,1
get,get.v.01,get.v.05,0
books,book.n.02,book.n.02,1
Many,O,O,1
people,person.n.01,person.n.01,1
admire,admire.v.02,admire.v.01,0
has,O,O,1
dropped,drop.v.01,drop.v.01,1
ball,ball.n.01,ball.n.01,1
has,O,O,1
n't,O,O,1
reimbursed,reimburse.v.01,reimburse.v.01,1
yet,O,O,1
's,be.v.01,O,0
riveting,riveting.a.01,absorbing.s.01,0
story,story.n.01,story.n.01,1
cardinals,cardinal.n.01,cardinal.n.01,1
have,O,O,1
elected,elect.v.01,elect.v.01,1
new,new.a.01,new.a.01,1
pope,pope.n.01,pope.n.01,1
named,name.v.01,name.v.01,1
baby,baby.n.01,baby.n.01,1
was,O,O,1
kidnapped,kidnap.v.01,kidnap.v.01,1
by,O,O,1
terrorists,terrorist.n.01,terrorist.n.01,1
is,O,O,1
more,O,O,1
clever,clever.a.02,clever.a.02,1
than,O,O,1
Can,O,O,1
whistle,whistle.v.01,whistle.v.01,1
is,O,O,1
playing,play.v.05,play.v.01,0
with,O,O,1
toy,toy.n.01,toy.n.01,1
truck,truck.n.01,truck.n.01,1
uncle,uncle.n.01,uncle.n.01,1
brought,bring.v.01,bring.v.01,1
new,new.a.05,new.a.01,0
for,O,O,1
always,O,O,1
eat,eat_out.v.01,eat.v.01,0
out,O,O,1
'm,O,O,1
grateful,grateful.a.01,grateful.a.01,1
for,O,O,1
did,do.v.02,O,0
is,O,O,1
extremely,extremely.r.02,extremely.r.02,1
unfriendly,unfriendly.a.02,unfriendly.a.01,0
cellphone,cellphone.n.01,cellphone.n.01,1
is,O,O,1
ringing,ring.v.01,ring.v.01,1
hot,hot.a.01,hot.a.01,1
bath,bath.n.02,bath.n.02,1
relaxed,relax.v.01,relaxed.a.01,0
girl,girl.n.01,girl.n.01,1
started,start.v.02,start.v.02,1
to,O,O,1
sob,sob.v.01,sob.v.01,1
exam,exam.n.01,examination.n.02,0
was,O,O,1
two~and~a~half,O,O,1
hours,hour.n.01,hour.n.01,1
long,long.a.01,long.a.02,0
made,make.v.39,make.v.06,0
dinner,dinner.n.01,dinner.n.01,1
were,O,O,1
seated,seat.v.01,seat.v.01,1
at,O,O,1
table,table.n.03,table.n.02,0
in,O,O,1
restaurant,restaurant.n.01,restaurant.n.01,1
and,O,O,1
are,O,O,1
always,O,O,1
flirting,flirt.v.01,flirt.v.01,1
with,O,O,1
each~other,group.n.01,O,0
Suddenly,suddenly.r.01,suddenly.r.01,1
rain,rain.n.02,rain.n.01,0
began,begin.v.01,begin.v.01,1
to,O,O,1
fall,fall.v.05,fall.v.01,0
too,O,O,1
like,like.v.02,like.v.02,1
apples,apple.n.01,apple.n.01,1
's,O,O,1
eating,eat.v.01,eat.v.01,1
something,entity.n.01,entity.n.01,1
cat,cat.n.01,cat.n.01,1
ate,eat.v.01,eat.v.01,1
mouse,mouse.n.01,mouse.n.04,0
Is,O,O,1
someone,person.n.01,person.n.01,1
taking,take_care.v.02,take.v.18,0
care,O,care.n.01,0
of,O,O,1
like,like.v.02,like.v.02,1
playing,play.v.01,play.v.01,1
tennis,tennis.n.01,tennis.n.01,1
and,O,O,1
golf,golf.n.01,golf.n.01,1
is,O,O,1
ill,ill.a.01,ill.a.01,1
's,O,O,1
not,O,O,1
afraid,afraid.a.01,afraid.a.01,1
of,O,O,1
snakes,snake.n.01,snake.n.01,1
's,O,O,1
kind~of,kind_of.r.01,kind_of.r.01,1
shy,shy.a.01,shy.a.01,1
is,O,O,1
awesome,awesome.a.01,amazing.s.02,0
made,make.v.16,make.v.06,0
statement,statement.n.01,statement.n.01,1
think,think.v.02,think.v.01,0
ate,eat.v.01,eat.v.01,1
about,O,O,1
oysters,oyster.n.01,oyster.n.01,1
's,be.v.02,O,0
guardian~angel,guardian_angel.n.01,guardian_angel.n.01,1
Whoever,person.n.01,person.n.01,1
comes,come.v.01,come.v.08,0
say,say.v.01,say.v.01,1
am,O,O,1
away,away.a.01,O,0
from,O,O,1
home,home.n.01,home.n.01,1
hate,hate.v.01,hate.v.01,1
spiders,spider.n.01,spider.n.01,1
Open,open.v.01,open.v.01,1
book,book.n.02,book.n.02,1
on,O,O,1
page,page.n.01,page.n.01,1
nine,O,O,1
's,O,O,1
super,super.r.01,ace.s.01,0
simple,simple.a.01,simple.n.01,0
book,book.n.01,book.n.02,0
has,have.v.02,O,0
number,O,number.n.04,0
of,O,O,1
mistakes,mistake.n.03,mistake.n.01,0
but,O,O,1
's,O,O,1
interesting,interesting.a.01,interesting.a.01,1
genius,genius.n.01,genius.n.01,1
is,be.v.01,O,0
milked,milk.v.01,milk.v.01,1
cow,cow.n.01,cow.n.01,1
train,train.n.01,train.n.01,1
leaves,leave.v.01,leave.v.01,1
at,O,O,1
chased,chase.v.02,chase.v.01,0
condom,condom.n.01,condom.n.01,1
broke,break.v.02,break_out.v.01,0
lent,lend.v.02,lend.v.02,1
pesos,peso.n.03,peso.n.03,1
Many,O,O,1
admire,admire.v.01,admire.v.01,1
're,O,O,1
taller,tall.a.01,tall.a.01,1
than,O,O,1
show,show.n.01,show_off.v.01,0
was,O,O,1
exciting,exciting.a.01,exciting.a.01,1
accompanied,accompany.v.02,accompany.v.03,0
to,O,O,1
hospital,hospital.n.01,hospital.n.01,1
'm,O,O,1
always,O,O,1
bored,bored.a.01,bore.v.01,0
with,O,O,1
boastful,boastful.a.01,boastful.s.01,0
talk,talk.n.01,talk.v.01,0
was,O,O,1
eating,eat.v.01,eat.v.01,1
sandwich,sandwich.n.01,sandwich.n.01,1
likes,like.v.03,like.v.02,0
rolled,roll_up.v.01,roll.v.01,0
up,O,O,1
sleeves,sleeve.n.01,sleeve.n.01,1
dog,dog.n.01,dog.n.01,1
bit,bite.v.01,O,0
leg,leg.n.01,leg.n.01,1
anybody,person.n.01,person.n.01,1
else,O,O,1
absent,absent.a.01,absent.a.01,1
nephew,nephew.n.01,nephew.n.01,1
was,O,O,1
absorbed,absorbed.a.01,absorbed.a.01,1
in,O,O,1
splendid,splendid.a.01,splendid.a.01,1
fireworks,firework.n.01,firework.n.01,1
weighs,weigh.v.01,weigh.v.01,1
over,O,O,1
kilograms,kilogram.n.01,kilogram.n.01,1
erased,erase.v.02,erase.v.03,0
blackboard,blackboard.n.01,blackboard.n.01,1
for,O,O,1
teacher,teacher.n.01,teacher.n.01,1
Nine~million,O,O,1
people,person.n.01,person.n.01,1
voted,vote.v.01,vote.v.01,1
in,O,O,1
election,election.n.01,election.n.01,1
is,be.v.01,O,0
poison,poison.n.01,poison.n.01,1
as~well,O,O,1
furniture,furniture.n.01,furniture.n.01,1
was,O,O,1
bought,buy.v.01,buy.v.01,1
at,O,O,1
auction,auction.n.02,auction.n.02,1
ate,eat.v.01,eat.v.01,1
apple,apple.n.01,apple.n.01,1
bought,buy.v.01,buy.v.01,1
few,O,O,1
stamps,stamp.n.04,cast.n.03,0
shined,shine.v.10,shine.v.10,1
father,father.n.01,father.n.01,1
's,O,O,1
shoes,shoe.n.01,shoe.n.01,1
cookies,cookie.n.01,cookie.n.01,1
are,be.v.03,O,0
under,O,O,1
table,table.n.02,table.n.02,1
see,see.v.01,see.v.01,1
giraffe,giraffe.n.01,giraffe.n.01,1
gave,give.v.03,give.v.03,1
dog,dog.n.01,dog.n.01,1
bone,bone.n.01,bone.n.01,1
grunted,grunt.v.01,grunt.v.01,1
is,O,O,1
folding,fold.v.01,fold.v.01,1
shirt,shirt.n.01,shirt.n.01,1
is,be.v.02,O,0
theirs,person.n.01,person.n.01,1
won,win.v.01,win.v.01,1
bronze~medal,bronze_medal.n.01,bronze_medal.n.01,1
man,man.n.01,man.n.01,1
is,O,O,1
filling,fill.v.01,fill.v.01,1
plastic,plastic.n.01,plastic.n.01,1
container,container.n.01,container.n.01,1
is,O,O,1
proficient,proficient.a.02,proficient.a.01,0
in,O,O,1
French,french.n.01,french.n.01,1
old,old.a.02,old.a.01,0
house,house.n.01,house.n.01,1
is,O,O,1
haunted,haunted.a.03,haunt.v.03,0
teaches,teach.v.01,teach.v.01,1
at,O,O,1
people,person.n.01,person.n.01,1
died,die.v.01,die.v.01,1
when,O,O,1
sank,sink.v.04,sink.v.04,1
in,O,O,1
In,O,O,1
atomic~bomb,atomic_bomb.n.01,atomic_bomb.n.01,1
was,O,O,1
dropped,drop.v.02,drop.v.01,0
on,O,O,1
Napoleon,male.n.02,napoleon.n.01,0
marched,march.v.06,march.v.01,0
armies,army.n.01,army.n.01,1
into,O,O,1
school,school.n.01,school.n.02,0
was,O,O,1
established,establish.v.02,establish.v.01,0
in,O,O,1
took,take.v.02,take.v.02,1
three,O,O,1
hours,hour.n.01,hour.n.01,1
to,O,O,1
do,do.v.02,O,0
homework,homework.n.01,homework.n.01,1
made,make.v.06,make.v.06,1
bookshelf,bookshelf.n.01,bookshelf.n.01,1
is,be.v.03,O,0
still,O,O,1
in,O,O,1
hospital,hospital.n.01,hospital.n.01,1
can,O,O,1
not,O,O,1
fix,fix.v.01,repair.v.01,0
computer,computer.n.01,computer.n.01,1
Do,O,O,1
speak,speak.v.03,speak.v.03,1
Georgian,georgian.n.03,country.n.02,0
'm,O,O,1
fed,fed_up.a.01,fed_up.a.01,1
up,O,O,1
with,O,O,1
typical,typical.a.01,typical.a.01,1
reception,reception.n.02,reception.n.01,0
of,O,O,1
prisoners,prisoner.n.01,prisoner.n.01,1
took,take_place.v.01,take.v.02,0
place,O,O,1
on,O,O,1
prize,prize.n.01,prize.n.01,1
was,O,O,1
awarded,award.v.01,award.v.01,1
's,be.v.02,O,0
favorite,favorite.a.02,favorite.a.02,1
song,song.n.01,song.n.01,1
allergic,allergic.a.02,allergic.a.02,1
to,O,O,1
anything,entity.n.01,entity.n.01,1
ate,eat.v.01,eat.v.01,1
of,O,O,1
apple,apple.n.01,apple.n.01,1
child,child.n.01,child.n.01,1
was,O,O,1
bored,bored.a.01,bore.v.01,0
took,take.v.02,take.v.02,1
three,O,O,1
days,day.n.01,day.n.01,1
to,O,O,1
read,read.v.01,read.v.01,1
through,O,O,1
book,book.n.01,book.n.02,0
nor,O,O,1
goes,go.v.01,go.v.01,1
to,O,O,1
store,O,store.n.01,0
official,official.a.01,official.a.01,1
dinner,dinner.n.01,dinner.n.01,1
took,take_place.v.01,take.v.02,0
place,O,O,1
at,O,O,1
There,O,O,1
is,be.v.03,O,0
lake,lake.n.01,lake.n.01,1
on,O,O,1
east,east.n.05,east.n.05,1
of,O,O,1
village,village.n.02,village.n.02,1
is,be.v.03,O,0
on,O,O,1
plains,plain.n.01,plain.n.01,1
'm,O,O,1
sick,sick.a.04,sick.a.01,0
of,O,O,1
excuses,excuse.n.01,excuse.n.01,1
assemble,assemble.v.01,assemble.v.01,1
sewing~machines,sewing_machine.n.01,O,0
Actinium,actinium.n.01,actinium.n.01,1
melts,melt.v.01,melt.v.01,1
at,O,O,1
°C,degree_celsius.n.01,O,0
was,O,O,1
fined,fine.v.01,fine.v.01,1
yen,yen.n.02,yen.n.02,1
for,O,O,1
speeding,speeding.n.01,speeding.n.01,1
died,die.v.01,die.v.01,1
ten,O,O,1
years,year.n.01,year.n.01,1
ago,O,O,1
got,get_up.v.02,O,0
up,O,O,1
at,O,O,1
seven,O,O,1
in,O,O,1
morning,morning.n.01,morning.n.01,1
How,O,O,1
much,O,O,1
does,O,O,1
soccer~ball,soccer_ball.n.01,soccer_ball.n.01,1
weigh,weigh.v.01,weigh.v.01,1
has,O,O,1
been,be.v.03,O,0
to,O,O,1
many,O,O,1
times,time.n.01,time.n.01,1
worked,work.v.05,work.v.02,0
clay,clay.n.01,clay.n.01,1
into,O,O,1
vase,vase.n.01,vase.n.01,1
traffic~jam,traffic_jam.n.01,traffic_jam.n.01,1
lasted,last.v.01,last.v.01,1
one,O,person.n.01,0
hour,hour.n.01,hour.n.01,1
girl,girl.n.01,girl.n.01,1
is,O,O,1
skillful,skillful.a.01,skillful.a.01,1
with,O,O,1
fingers,finger.n.01,finger.n.01,1
drew,draw.v.06,draw.v.06,1
tree,tree.n.01,tree.n.01,1
did,O,O,1
n't,O,O,1
study,study.v.05,study.v.05,1
at~all,O,O,1
bought,buy.v.01,buy.v.01,1
vacuum~cleaner,vacuum_cleaner.n.01,O,0
at,O,O,1
supermarket,supermarket.n.01,supermarket.n.01,1
brass~band,brass_band.n.01,brass_band.n.01,1
played,play.v.03,play.v.01,0
three,3.n.01,O,0
marches,march.n.06,marche.n.01,0
Four,O,O,1
times,times.n.02,time.n.01,0
five,O,O,1
is,be.v.06,O,0
sighed,sigh.v.01,sigh.v.01,1
French,french.n.01,french.n.01,1
is,be.v.02,O,0
mother~tongue,mother_tongue.n.01,mother_tongue.n.01,1
squirrel,squirrel.n.01,squirrel.n.01,1
climbed,climb.v.01,climb.v.01,1
tree,tree.n.01,tree.n.01,1
'll,O,O,1
pick,pick_up.v.03,pick_up.v.03,1
up,O,O,1
at,O,O,1
six,O,O,1
is,O,O,1
giggling,giggle.v.01,giggle.v.01,1
hunter,hunter.n.01,hunter.n.01,1
shot,shoot.v.02,shoot.v.01,0
bear,bear.n.01,bear.n.01,1
was,O,O,1
jealous,jealous.a.01,jealous.a.01,1
of,O,O,1
brother,brother.n.01,brother.n.01,1
were,O,O,1
attacked,attack.v.01,attack.v.04,0
by,O,O,1
pirates,pirate.n.02,pirate.n.02,1
Nancy,female.n.02,nancy.n.01,0
does,O,O,1
n't,O,O,1
play,play.v.01,play.v.01,1
tennis,tennis.n.01,tennis.n.01,1
painted,paint.v.02,paint.v.02,1
house,house.n.01,house.n.01,1
green,green.a.01,green.a.01,1
Something,entity.n.01,entity.n.01,1
about,O,O,1
has,O,O,1
changed,change.v.03,change.v.01,0
neighbor,neighbor.n.01,neighbor.n.01,1
complained,complain.v.01,complain.v.01,1
about,O,O,1
noise,noise.n.01,noise.n.01,1
bit,bite.v.01,O,0
lip,lip.n.01,lip.n.01,1
one,person.n.01,person.n.01,1
deserves,deserve.v.01,deserve.v.01,1
cat,cat.n.01,cat.n.01,1
was,be.v.03,O,0
on,O,O,1
table,table.n.02,table.n.02,1
child,child.n.01,child.n.01,1
drew,draw.v.03,draw.v.06,0
spherical,spherical.a.01,spherical.a.01,1
triangle,triangle.n.01,triangle.n.01,1
passed,pass.v.05,pass_away.v.01,0
glass,glass.n.02,glass.n.02,1
of,O,O,1
milk,milk.n.01,milk.n.01,1
to,O,O,1
Tunisia,country.n.02,tunisia.n.01,0
is,O,O,1
located,located.a.01,located.a.01,1
in,O,O,1
appears,appear.v.01,look.v.02,0
outraged,outraged.a.01,outraged.a.01,1
approached,approach.v.01,approach.v.01,1
house,house.n.01,house.n.01,1
's,O,O,1
half~past~one,O,O,1
hare,hare.n.01,hare.n.01,1
was,O,O,1
outdistanced,outdistance.v.01,outdistance.v.01,1
by,O,O,1
tortoise,tortoise.n.01,tortoise.n.01,1
's,be.v.01,O,0
control~freak,control_freak.n.01,control_freak.n.01,1
is,O,O,1
addicted,addicted.a.01,addicted.a.01,1
to,O,O,1
cocaine,cocaine.n.01,cocaine.n.01,1
Do,O,O,1
speak,speak.v.03,speak.v.03,1
's,be.v.08,O,0
real~estate~agent,real_estate_agent.n.01,O,0
rope,rope.n.01,rope.n.01,1
has,O,O,1
to,O,O,1
be,O,O,1
coiled,coil.v.03,gyrate.v.01,0
used,O,O,1
to,O,O,1
live,live.v.01,live.v.01,1
in,O,O,1
Someone,person.n.01,person.n.01,1
stole,steal.v.01,steal.v.01,1
bag,bag.n.01,bag.n.01,1
's,O,O,1
raking,rake_in.v.01,rake.v.01,0
in,O,O,1
on,O,O,1
stock~market,stock_market.n.01,stock_market.n.01,1
had,have.v.12,O,0
'm,O,O,1
as,O,O,1
famous,famous.a.01,famous.a.01,1
shark,shark.n.01,shark.n.01,1
is,be.v.01,O,0
fish,fish.n.01,fish.n.01,1
while,O,while.n.01,0
dolphin,dolphin.n.02,dolphin.n.02,1
mammal,mammal.n.01,mammal.n.01,1
has,O,O,1
been,O,O,1
falling,fall.v.11,fall.v.01,0
in,O,O,1
price,O,price.n.02,0
grabbed,grab.v.05,grab.v.05,1
by,O,O,1
elbow,elbow.n.01,elbow.n.01,1
Maximilian,male.n.02,O,0
was,O,O,1
as,O,O,1
nervous,nervous.a.01,nervous.a.02,0
saw,see.v.01,see.v.01,1
bum,bum.n.02,rotter.n.01,0
at,O,O,1
train~station,train_station.n.01,train_station.n.01,1
's,O,O,1
thirty-three,O,thirty-three.s.01,0
will,O,O,1
cost,cost.v.01,cost.v.01,1
around,O,O,1
yen,yen.n.02,yen.n.02,1
dog,dog.n.01,dog.n.01,1
is,O,O,1
sleeping,sleep.v.01,sleep.v.01,1
is,O,O,1
much,O,O,1
fatter,fat.a.01,fat.a.01,1
than,O,O,1
is,O,O,1
studying,study.v.05,study.v.05,1
right,O,O,1
now,O,O,1
's,O,O,1
polite,polite.a.01,polite.a.01,1
escorted,escort.v.01,escort.v.01,1
out~of,O,O,1
building,building.n.01,building.n.01,1
grabbed,grab.v.05,grab.v.05,1
's,O,O,1
hand,hand.n.01,hand.n.01,1
puts,put.v.01,put.v.01,1
honey,honey.n.01,honey.n.01,1
in,O,O,1
tea,tea.n.01,tea.n.01,1
instead,O,O,1
of,O,O,1
sugar,sugar.n.01,sugar.n.01,1
pasture,pasture.n.01,pasture.n.01,1
has,have.v.02,O,0
area,area.n.06,area.n.01,0
of,O,O,1
acres,acre.n.01,estate.n.02,0
threw,throw.v.01,throw.v.01,1
rock,rock.n.01,rock.n.01,1
at,O,O,1
but,O,O,1
did,O,O,1
n't,O,O,1
hit,hit.v.02,hit.v.03,0
wo,O,O,1
n't,O,O,1
give,give_in.v.01,give.v.03,0
in,O,O,1
Tehran,city.n.01,teheran.n.01,0
is,be.v.02,O,0
favourite,favourite.a.02,favourite.a.02,1
town,town.n.01,town.n.01,1
stirred,stir.v.08,stir.v.01,0
milk,milk.n.01,milk.n.01,1
into,O,O,1
coffee,coffee.n.01,coffee.n.01,1
never,O,O,1
spoke,speak.v.02,speak.v.02,1
of,O,O,1
tricked,trick.v.01,trick.v.01,1
bought,buy.v.01,buy.v.01,1
sugar,sugar.n.01,sugar.n.01,1
like,like.v.02,like.v.02,1
strawberry~ice~cream,strawberry_ice_cream.n.01,O,0
is,be.v.01,O,0
even,even.a.01,O,0
number,number.n.02,number.n.04,0
come,come.v.08,come.v.02,0
from,O,O,1
added,add.v.01,add.v.01,1
little,O,little.a.03,0
sugar,sugar.n.01,sugar.n.01,1
to,O,O,1
coffee,coffee.n.01,coffee.n.01,1
's,O,O,1
super,super.r.01,ace.s.01,0
cute,cute.a.01,cute.a.01,1
's,O,O,1
found,find.v.01,find.v.01,1
new,new.a.05,new.a.01,0
love,love.n.02,love.v.01,0
is,O,O,1
kind~of,kind_of.r.01,kind_of.r.01,1
handsome,handsome.a.01,handsome.a.01,1
parcel,parcel.n.01,parcel.n.01,1
weighs,weigh.v.01,weigh.v.01,1
more~than,O,O,1
one,O,person.n.01,0
pound,pound.n.03,pound.n.01,0
owe,owe.v.03,owe.v.03,1
bought,buy.v.01,buy.v.01,1
two,O,O,1
bottles,bottle.n.02,bottle.n.02,1
of,O,O,1
milk,milk.n.01,milk.n.01,1
is,be.v.02,O,0
biggest,big.a.01,big.a.01,1
hotel,hotel.n.01,hotel.n.01,1
in,O,O,1
city,city.n.01,city.n.01,1
When,O,O,1
painted,paint.v.01,paint.v.02,0
picture,picture.n.02,picture.n.01,0
was,O,O,1
years,year.n.01,year.n.01,1
old,old.a.01,old.a.01,1
came,come.v.02,come.v.02,1
from,O,O,1
yesterday,O,O,1
parents,parent.n.01,parent.n.01,1
named,name.v.01,name.v.01,1
baby,baby.n.01,baby.n.01,1
music,music.n.01,music.n.01,1
's,O,O,1
annoying,annoy.v.01,annoy.v.01,1
everyone,person.n.01,person.n.01,1
blue,blue.a.01,blue.a.01,1
roses,rose.n.01,rose.n.01,1
are,O,O,1
very,very.r.01,very.r.01,1
beautiful,beautiful.a.01,beautiful.a.01,1
is,be.v.02,O,0
tallest,tall.a.01,tall.a.01,1
girl,girl.n.01,girl.n.01,1
in,O,O,1
class,class.n.02,class.n.02,1
If,O,O,1
rains,rain.v.01,rain.v.01,1
wo,O,O,1
n't,O,O,1
come,come.v.02,come.v.02,1
public~prosecutor,public_prosecutor.n.01,O,0
's,O,O,1
office,office.n.02,office.n.01,0
has,O,O,1
accused,accuse.v.01,accuse.v.01,1
suspected,suspect.v.03,suspect.v.01,0
terrorist,terrorist.n.01,terrorist.n.01,1
for,O,O,1
five,O,O,1
further,O,O,1
murders,murder.n.01,murder.n.01,1
association,association.n.01,association.n.01,1
does,O,O,1
lead,lead.v.07,lead.n.02,0
is,be.v.08,O,0
is,be.v.08,O,0
Everything,entity.n.01,entity.n.01,1
's,O,O,1
free,free.a.03,free.a.04,0
fell,fall.v.03,fall.v.03,1
in~love,in_love.a.01,in_love.a.01,1
with,O,O,1
scoffed,scoff.v.02,jeer.v.01,0
at,O,O,1
poem,poem.n.01,poem.n.01,1
's,O,O,1
addicted,addicted.a.01,addicted.a.01,1
to,O,O,1
drugs,drug.n.01,drug.n.01,1
is,O,O,1
absorbed,absorbed.a.01,absorbed.a.01,1
in,O,O,1
knitting,knitting.n.02,knitting.n.02,1
waved,wave.v.02,wave.v.01,0
flag,flag.n.04,flag.n.01,0
name,name.n.01,name.n.01,1
is,be.v.06,O,0
brought,bring.v.01,bring.v.01,1
something,entity.n.01,entity.n.01,1
cleared,clear.v.24,clear.v.01,0
throat,throat.n.01,throat.n.01,1
was,O,O,1
abducted,abduct.v.01,abduct.v.01,1
by,O,O,1
aliens,alien.n.03,alien.n.03,1
Soldiers,soldier.n.01,soldier.n.01,1
barred,bar.v.02,bar.v.01,0
way,way.n.06,O,0
to,O,O,1
city,city.n.01,city.n.01,1
baked,bake.v.02,bake.v.02,1
muffins,muffin.n.01,muffin.n.01,1
deposited,deposit.v.03,lodge.v.02,0
box,box.n.01,box.n.01,1
on,O,O,1
table,table.n.02,table.n.02,1
hates,hate.v.01,hate.v.01,1
secrets,secret.n.01,secret.n.01,1
was,O,O,1
snowing,snow.v.01,snow.v.01,1
is,O,O,1
paling,pale.v.01,pale.v.01,1
ran,run_into.v.04,run_away.v.01,0
into,O,O,1
friend,friend.n.01,friend.n.01,1
of,O,O,1
mine,O,O,1
on,O,O,1
bus,bus.n.01,bus.n.01,1
'm,O,O,1
not,O,O,1
happy,happy.a.01,happy.a.01,1
with,O,O,1
looks,look.n.03,look_like.v.01,0
'm,O,O,1
going,go.v.01,go.v.01,1
to,O,O,1
store,store.n.01,store.n.01,1
named,name.v.01,name.v.01,1
boat,boat.n.01,boat.n.01,1
car,car.n.01,car.n.01,1
was,O,O,1
stolen,steal.v.01,steal.v.01,1
's,O,O,1
allergic,allergic.a.02,allergic.a.02,1
to,O,O,1
cats,cat.n.01,cat.n.01,1
son,son.n.01,son.n.01,1
is,O,O,1
stationed,station.v.01,station.v.01,1
in,O,O,1
calculator,calculator.n.02,calculator.n.02,1
on,O,O,1
table,table.n.02,table.n.02,1
is,be.v.02,O,0
mine,O,O,1
saw,see.v.01,see.v.01,1
three,O,O,1
hours,hour.n.01,hour.n.01,1
ago,O,O,1
was,O,O,1
bit,bite.v.04,O,0
by,O,O,1
mosquito,mosquito.n.01,mosquito.n.01,1
Have,O,O,1
googled,google.v.01,google.v.01,1
was,O,O,1
born,bear.v.02,bear.v.02,1
in,O,O,1
loves,love.v.01,love.v.01,1
risotto,risotto.n.01,risotto.n.01,1
twirled,twirl.v.02,twirl.v.01,0
basketball,basketball.n.02,basketball.n.01,0
on,O,O,1
finger,finger.n.01,finger.n.01,1
dog,dog.n.01,dog.n.01,1
is,O,O,1
green,green.a.01,green.a.01,1
and,O,O,1
beautiful,beautiful.a.01,beautiful.a.01,1
applauded,applaud.v.01,applaud.v.01,1
fired,fire.v.04,fire.v.04,1
is,O,O,1
similar,similar.a.01,similar.a.01,1
to,O,O,1
did,O,O,1
n't,O,O,1
break,break.v.06,break.v.06,1
law,law.n.01,law.n.01,1
warmed,warm.v.02,warm.v.02,1
by,O,O,1
fire,fire.n.04,fire.n.01,0
leaves,leave.v.01,leave.v.01,1
at,O,O,1
eight,O,O,1
am,O,O,1
milking,milk.v.01,milk.v.01,1
goat,goat.n.01,goat.n.01,1
booked,book.v.02,book.v.01,0
field,field.n.08,field.n.01,0
partition,partition.n.01,partition.n.01,1
separates,separate.v.01,separate.v.01,1
two,O,O,1
rooms,room.n.01,room.n.01,1
weighs,weigh.v.01,weigh.v.01,1
pounds,pound.n.01,pound.n.01,1
must,O,O,1
be,O,O,1
joking,joke.v.02,joke.v.01,0
Are,be.v.02,O,0
n't,O,O,1
parents,parent.n.01,parent.n.01,1
took,take.v.08,take.v.02,0
protein,protein.n.01,protein.n.01,1
shake,shake.n.02,shake.n.02,1
was,O,O,1
born,bear.v.02,bear.v.02,1
on,O,O,1
twenty~second,O,O,1
of,O,O,1
nineteen~forty~eight,O,O,1
was,be.v.01,O,0
middle-aged,middle-aged.a.01,middle-aged.a.01,1
woman,woman.n.01,woman.n.01,1
If,O,O,1
is,O,O,1
not,O,O,1
ill,ill.a.01,ill.a.01,1
will,O,O,1
come,come.v.02,come.v.02,1
Everybody,person.n.01,person.n.01,1
liked,like.v.03,like.v.03,1
installed,instal.v.01,install.v.01,0
program,program.n.07,program.v.02,0
speak,speak.v.03,speak.v.03,1
played,play.v.15,play.v.01,0
trump~card,trump_card.n.01,O,0
Let,O,O,1
's,O,O,1
listen,listen.v.01,listen.v.01,1
to,O,O,1
song,song.n.01,song.n.01,1
again,O,O,1
Everyone,person.n.01,person.n.01,1
in,O,O,1
class,class.n.02,class.n.02,1
learned,learn.v.03,learn.v.01,0
poem,poem.n.01,poem.n.01,1
by~heart,by_heart.r.01,O,0
's,O,O,1
bluffing,bluff.v.02,bluff.v.02,1
was,O,O,1
incredible,incredible.a.01,incredible.a.01,1
n't,O,O,1
saw,see.v.01,see.v.01,1
nothing,entity.n.01,entity.n.01,1
strange,strange.a.01,strange.a.01,1
've,O,O,1
been,O,O,1
wounded,wound.v.01,wound.v.01,1
with,O,O,1
knife,knife.n.02,knife.n.01,0
factory,factory.n.01,factory.n.01,1
produces,produce.v.02,produce.v.01,0
is,O,O,1
imported,import.v.01,import.v.01,1
from,O,O,1
bought,buy.v.01,buy.v.01,1
gift,gift.n.01,gift.n.01,1
for,O,O,1
twirled,twirl.v.01,twirl.v.01,1
mustache,mustache.n.01,mustache.n.01,1
likes,like.v.02,like.v.02,1
Russian,country.n.02,country.n.02,1
pop,pop.n.04,dad.n.01,0
left,leave.v.01,leave.v.01,1
house,house.n.01,house.n.01,1
at,O,O,1
eight~o'clock,O,O,1
's,O,O,1
coping,cope.v.01,cope.v.01,1
with,O,O,1
jet~lag,jet_lag.n.01,jet_lag.n.01,1
is,O,O,1
too,O,O,1
tired,tired.a.01,tired.a.01,1
to,O,O,1
study,study.v.05,study.v.05,1
soldiers,soldier.n.01,soldier.n.01,1
resisted,resist.v.02,defy.v.02,0
enemy,enemy.n.01,enemy.n.01,1
attack,attack.n.01,attack.n.01,1
is,O,O,1
as,O,O,1
tall,tall.a.01,tall.a.01,1
father,father.n.01,father.n.01,1
aircraft,aircraft.n.01,aircraft.n.01,1
is,O,O,1
taking,take_off.v.03,take.v.18,0
off,O,O,1
small,small.a.01,small.a.01,1
car,car.n.01,car.n.01,1
is,O,O,1
more,O,O,1
economical,economical.a.01,economic.s.03,0
than,O,O,1
large,large.a.01,large.a.01,1
one,O,person.n.01,0
Yamamoto,male.n.02,yamamoto.n.01,0
is,be.v.01,O,0
also,O,O,1
friend,friend.n.01,friend.n.01,1
of,O,O,1
mine,O,O,1
earned,earn.v.01,company.n.01,0
US$,united_states_dollar.n.01,earn.v.02,0
in,O,O,1
three,O,O,1
months,month.n.01,month.n.02,0
is,O,O,1
seventeen,O,O,1
years,year.n.01,year.n.01,1
old,old.a.01,old.a.01,1
've,O,O,1
never,O,O,1
climbed,climb.v.01,climb.v.01,1
has,have.v.01,O,0
three,O,O,1
elder,old.a.01,elder.n.01,0
sisters,sister.n.01,sister.n.01,1
CD,cd.n.04,cd.n.04,1
costs,cost.v.01,cost.v.01,1
policeman,policeman.n.01,policeman.n.01,1
is,O,O,1
wearing,wear.v.02,wear.v.01,0
gas~mask,gasmask.n.01,O,0
hired,hire.v.01,hire.v.01,1
private~investigator,private_investigator.n.01,private_investigator.n.01,1
Negotiations,negotiation.n.01,negotiation.n.01,1
have,O,O,1
been,O,O,1
adjourned,adjourn.v.01,adjourn.v.01,1
until,O,O,1
is,be.v.02,O,0
scientific,scientific.a.01,scientific.a.01,1
name,name.n.01,name.n.01,1
for,O,O,1
leech,leech.n.01,leech.n.01,1
Where,location.n.01,location.n.01,1
is,be.v.03,O,0
Where,location.n.01,location.n.01,1
was,O,O,1
assassinated,assassinate.v.01,assassinate.v.01,1
is,be.v.02,O,0
's,O,O,1
real,real.a.01,real.a.01,1
name,name.n.01,name.n.01,1
is,be.v.08,O,0
gave,give.v.03,give.v.03,1
pen,pen.n.01,pen.n.01,1
's,O,O,1
kind~of,kind_of.r.01,kind_of.r.01,1
important,important.a.01,important.a.01,1
was,be.v.08,O,0
English,country.n.02,english.n.01,0
scientist,scientist.n.01,scientist.n.01,1
wild,wild.a.02,wild.a.02,1
cats,cat.n.01,cat.n.01,1
live,live.v.01,live.v.01,1
under,O,O,1
neighbor,neighbor.n.01,neighbor.n.01,1
's,O,O,1
house,house.n.01,house.n.01,1
How,O,O,1
about,O,O,1
snack,snack.n.01,bite.n.04,0
'm,O,O,1
not,O,O,1
busy,busy.a.01,busy.a.01,1
right,O,O,1
now,O,O,1
ca,O,O,1
n't,O,O,1
pronounce,pronounce.v.01,pronounce.v.01,1
's,O,O,1
last~name,last_name.n.01,last_name.n.01,1
want,want.v.01,want.v.01,1
potatoes,potato.n.01,potato.n.01,1
fell,fall_off.v.01,fall.v.03,0
off,O,O,1
horse,horse.n.01,horse.n.01,1
stink,stink.v.02,stink.v.02,1
of,O,O,1
cigarettes,cigarette.n.01,cigarette.n.01,1
's,O,O,1
hair,hair.n.01,hair.n.01,1
was,O,O,1
bluer,blue.a.01,O,0
than,O,O,1
eyes,eye.n.01,eye.n.01,1
shined,shine.v.10,shine.v.10,1
father,father.n.01,father.n.01,1
's,O,O,1
shoes,shoe.n.01,shoe.n.01,1
died,die.v.01,die.v.01,1
in,O,O,1
Someone,person.n.01,person.n.01,1
stole,steal.v.01,steal.v.01,1
money,money.n.01,money.n.01,1
owe,owe.v.01,owe.v.03,0
thirty,O,O,1
dollars,dollar.n.01,dollar.n.01,1
interesting,interesting.a.01,interesting.a.01,1
novel,novel.n.01,novel.n.01,1
is,be.v.01,O,0
've,O,O,1
climbed,climb.v.01,climb.v.01,1
is,O,O,1
two,O,O,1
years,year.n.01,year.n.01,1
older,old.a.01,old.a.01,1
than,O,O,1
'm,be.v.03,O,0
from,O,O,1
Ai,O,O,1
n't,O,O,1
cute,cute.a.01,cute.a.01,1
bull,bull.n.11,bull.n.11,1
is,O,O,1
mooing,moo.v.01,moo.v.01,1
fly,fly.n.03,fly.v.01,0
is,O,O,1
open,open.a.01,open.a.01,1
dropped,drop.v.01,drop.v.01,1
glass,glass.n.02,glass.n.02,1
Do,O,O,1
want,want.v.01,want.v.01,1
scrambled~eggs,scrambled_eggs.n.01,O,0
rice,rice.n.01,rice.n.01,1
is,O,O,1
sticky,sticky.a.01,sticky.a.01,1
There,O,O,1
were,be.v.03,O,0
soldiers,soldier.n.01,soldier.n.01,1
on,O,O,1
ships,ship.n.01,ship.n.01,1
like,like.v.02,like.v.02,1
books,book.n.01,book.n.02,0
was,O,O,1
born,bear.v.02,bear.v.02,1
in,O,O,1
had,O,O,1
money,money.n.01,money.n.01,1
stolen,steal.v.01,steal.v.01,1
've,O,O,1
gained,gain.v.09,gain.v.09,1
five,O,O,1
kilograms,kilogram.n.01,kilogram.n.01,1
tire,tire.n.01,tire.n.01,1
needs,need.v.02,need.v.01,0
air,air.n.01,air.n.01,1
's,O,O,1
more,O,O,1
beautiful,beautiful.a.01,beautiful.a.01,1
than,O,O,1
failed,fail.v.07,fail.v.01,0
chemistry,chemistry.n.01,chemistry.n.01,1
're,O,O,1
looking,look.v.04,look.v.04,1
for,O,O,1
someone,person.n.01,person.n.01,1
was,O,O,1
born,bear.v.02,bear.v.02,1
in,O,O,1
state,state.n.01,state.n.01,1
of,O,O,1
father,father.n.01,father.n.01,1
cuts,cut.v.01,cut.v.01,1
wood,wood.n.01,wood.n.01,1
with,O,O,1
saw,saw.n.02,see.v.01,0
Many,O,O,1
people,person.n.01,person.n.01,1
attended,attend.v.01,attend.v.01,1
conference,conference.n.01,conference.n.01,1
stretched,stretch_out.v.03,stretch_out.v.03,1
out,O,O,1
legs,leg.n.01,leg.n.01,1
Camels,camel.n.01,camel.n.01,1
have,have.v.02,O,0
one,O,person.n.01,0
or,O,O,1
two,O,O,1
humps,hump.n.01,bulge.n.01,0
am,O,O,1
like,like.a.01,like.v.02,0
mother,mother.n.01,mother.n.01,1
freed,free.v.01,free.v.01,1
bird,O,bird.n.01,0
now,O,O,1
lives,live.v.01,live.v.01,1
in,O,O,1
district,district.n.01,district.n.01,1
is,O,O,1
notorious,notorious.a.01,ill-famed.s.01,0
for,O,O,1
air~pollution,air_pollution.n.01,O,0
am,O,O,1
interested,interested.a.01,interested.a.01,1
in,O,O,1
Asian,continent.n.01,continent.n.01,1
history,history.n.02,history.n.03,0
ship,ship.n.01,ship.n.01,1
was,O,O,1
approaching,approach.v.01,approach.v.01,1
harbor,harbor.n.01,harbor.n.01,1
fitting,fitting.n.04,fitting.s.01,0
room,room.n.01,room.n.01,1
is,O,O,1
occupied,occupied.a.01,occupy.v.05,0
yodels,yodel.v.01,yodel.n.01,0
exaggerated,exaggerate.v.01,exaggerate.v.01,1
There,O,O,1
are,be.v.03,O,0
bags,bag.n.01,bag.n.01,1
in,O,O,1
room,room.n.01,room.n.01,1
am,O,O,1
as,O,O,1
tall,tall.a.01,tall.a.01,1
will,O,O,1
meet,meet.v.01,meet.v.02,0
again,O,O,1
someday,O,O,1
spent,spend.v.01,spend.v.01,1
honeymoon,honeymoon.n.01,honeymoon.n.01,1
in,O,O,1
Maldives,country.n.02,maldives.n.01,0
have,have.v.01,O,0
pair,pair.n.02,pair.n.02,1
of,O,O,1
mittens,mitten.n.01,mitten.n.01,1
If,O,O,1
invite,invite.v.02,invite.v.01,0
may,O,O,1
come,come.v.01,come.v.02,0
's,O,O,1
left,leave.v.01,leave.v.01,1
's,O,O,1
kind~of,kind_of.r.01,kind_of.r.01,1
rude,rude.a.01,rude.a.01,1
was,be.v.01,O,0
anything~but,O,O,1
perfect,perfect.a.01,perfect.a.01,1
wife,wife.n.01,wife.n.01,1
flight,flight.n.02,flight.n.09,0
arrived,arrive.v.01,arrive.v.01,1
at,O,O,1
How,O,O,1
deep,deep.a.03,deep.a.03,1
lake,lake.n.01,lake.n.01,1
is,O,O,1
room,room.n.01,room.n.01,1
was,O,O,1
anything~but,O,O,1
tidy,tidy.a.01,tidy.n.01,0
will,O,O,1
arrive,arrive.v.01,arrive.v.01,1
in,O,O,1
at,O,O,1
's,be.v.08,O,0
goalkeeper,goalkeeper.n.01,goalkeeper.n.01,1
Spartan~Air~Lines,company.n.01,O,0
acquired,acquire.v.01,acquire.v.01,1
is,be.v.01,O,0
member,member.n.01,member.n.01,1
of,O,O,1
was,O,O,1
based,based.a.02,based.a.02,1
in,O,O,1
was,O,O,1
murdered,murder.v.01,murder.v.01,1
in,O,O,1
will,O,O,1
cost,cost.v.01,cost.v.01,1
€,euro.n.01,euro.n.01,1
doctor,doctor.n.01,doctor.n.01,1
examined,examine.v.02,examine.v.03,0
patients,patient.n.01,patient.n.01,1
book,book.n.02,book.n.02,1
is,be.v.01,O,0
baby,baby.n.01,baby.n.01,1
has,have.v.16,O,0
hereditary,hereditary.a.01,familial.s.02,0
disease,disease.n.01,disease.n.01,1
'm,O,O,1
too,O,O,1
busy,busy.a.01,busy.a.01,1
to,O,O,1
help,help.v.01,help.v.01,1
elephant,elephant.n.01,elephant.n.01,1
has,have.v.02,O,0
long,long.a.02,long.a.02,1
nose,nose.n.01,nose.n.01,1
appointed,appoint.v.01,appoint.v.02,0
as,O,O,1
manager,manager.n.01,manager.n.01,1
is,be.v.01,O,0
dead~language,dead_language.n.01,O,0
money,money.n.01,money.n.01,1
is,be.v.03,O,0
on,O,O,1
table,table.n.02,table.n.02,1
am,be.v.03,O,0
from,O,O,1
bread,bread.n.01,bread.n.01,1
is,be.v.03,O,0
in,O,O,1
oven,oven.n.01,oven.n.01,1
uncle,uncle.n.01,uncle.n.01,1
is,O,O,1
n't,O,O,1
young,young.a.01,young.a.01,1
but,O,O,1
's,O,O,1
healthy,healthy.a.01,healthy.a.01,1
is,be.v.01,O,0
very,very.r.01,very.r.01,1
big,big.a.01,big.a.01,1
country,country.n.02,country.n.02,1
drank,drink.v.01,drink.v.01,1
two,O,O,1
cups,cup.n.02,cup.n.02,1
of,O,O,1
coffee,coffee.n.01,coffee.n.01,1
trembled,tremble.v.01,tremble.v.01,1
more~and~more,more_and_more.r.01,O,0
clocks,clock.n.01,redstem_storksbill.n.01,0
in,O,O,1
city,city.n.01,city.n.01,1
were,O,O,1
striking,strike.v.05,strike.v.07,0
ten,O,O,1
shook,shake.v.09,shake.v.09,1
head,head.n.01,head.n.01,1
is,be.v.02,O,0
leader,leader.n.01,leader.n.01,1
of,O,O,1
How,O,O,1
many,O,O,1
inhabitants,inhabitant.n.01,inhabitant.n.01,1
does,O,O,1
have,have.v.02,O,0
did,O,O,1
call,call.v.01,call.v.03,0
house,house.n.01,house.n.01,1
couple,couple.n.02,couple.n.01,0
was,O,O,1
quarrelling,quarrel.v.01,quarrel.v.01,1
and,O,O,1
knocked,knock_down.v.01,knock.v.02,0
down,O,O,1
is,O,O,1
wiping,wipe.v.01,wipe.v.01,1
table,table.n.02,table.n.02,1
Are,O,O,1
big,big.a.01,big.a.01,1
's,O,O,1
stronger,strong.a.01,strong.a.01,1
than,O,O,1
pencil,pencil.n.01,pencil.n.01,1
has,O,O,1
been,O,O,1
sharpened,sharpen.v.01,sharpen.v.01,1
had,O,O,1
decayed,decayed.a.01,decayed.s.01,0
removed,remove.v.01,remove.v.01,1
met,meet.v.02,meet.v.01,0
in,O,O,1
has,have.v.04,O,0
hundreds,O,hundred.n.01,0
of,O,O,1
books,book.n.02,book.n.02,1
am,O,O,1
learning,learn.v.01,learn.v.01,1
lives,live.v.01,live.v.01,1
in,O,O,1
refrigerator,refrigerator.n.01,refrigerator.n.01,1
is,O,O,1
open,open.a.01,open.a.01,1
's,O,O,1
in~fashion,fashionable.a.03,fashionable.a.03,1
in,O,O,1
was,O,O,1
disqualified,disqualify.v.02,disqualify.v.02,1
thunder,thunder.n.02,boom.n.01,0
roared,roar.v.01,roar.v.01,1
is,be.v.03,O,0
in,O,O,1
office,office.n.01,office.n.01,1
right,O,O,1
now,O,O,1
want,want.v.01,want.v.01,1
to,O,O,1
hear,hear.v.02,hear.v.01,0
something,entity.n.01,entity.n.01,1
funny,funny.a.01,funny.a.01,1
was,O,O,1
kidnapped,kidnap.v.01,kidnap.v.01,1
loss,loss.n.06,loss.n.06,1
amounts,amount.v.02,amount.v.02,1
to,O,O,1
million,O,O,1
dollars,dollar.n.01,dollar.n.01,1
drank,drink.v.01,drink.v.01,1
wine,wine.n.01,wine.n.01,1
There,O,O,1
are,be.v.03,O,0
boys,boy.n.01,boy.n.01,1
in,O,O,1
park,park.n.02,park.n.02,1
's,be.v.01,O,0
favorite,favorite.a.02,favorite.a.02,1
kind,entity.n.01,entity.n.01,1
of,O,O,1
chocolate,chocolate.n.02,chocolate.n.02,1
'm,O,O,1
a~little,a_little.r.01,a_little.r.01,1
curious,curious.a.02,curious.a.02,1
ripped,take_out.v.11,rip_up.v.01,0
out,O,O,1
page,page.n.01,page.n.01,1
's,O,O,1
donating,donate.v.01,donate.v.01,1
money,money.n.01,money.n.01,1
for,O,O,1
cancer,cancer.n.01,cancer.n.01,1
research,research.n.01,research.n.01,1
watch,watch.n.01,watch.n.01,1
was,be.v.02,O,0
grandfather,grandfather.n.01,grandfather.n.01,1
's,watch.n.01,O,0
punched,punch.v.01,punch.v.01,1
in,O,O,1
face,face.n.01,face.n.01,1
is,O,O,1
coming,come.v.01,come.v.02,0
to,O,O,1
party,party.n.04,party.n.04,1
too,O,O,1
'm,O,O,1
slightly,slightly.r.01,slightly.r.01,1
hungry,hungry.a.01,hungry.a.01,1
visited,visit.v.01,visit.v.02,0
huge,huge.a.01,huge.a.01,1
amusement~park,amusement_park.n.01,O,0
in,O,O,1
There,O,O,1
are,be.v.03,O,0
lot,O,O,1
of,O,O,1
eggs,egg.n.02,egg.n.02,1
in,O,O,1
box,box.n.01,box.n.01,1
'm,O,O,1
eating,eat.v.01,eat.v.01,1
banana,banana.n.02,banana.n.02,1
Get,get.v.01,get.v.01,1
egg,egg.n.02,egg.n.02,1
from,O,O,1
refrigerator,refrigerator.n.01,refrigerator.n.01,1
's,be.v.01,O,0
favorite,favorite.a.02,favorite.a.02,1
kind,entity.n.01,entity.n.01,1
of,O,O,1
book,book.n.01,book.n.02,0
has,have.v.12,O,0
athlete's~foot,athlete's_foot.n.01,athlete's_foot.n.01,1
Three,O,O,1
times,times.n.02,time.n.01,0
five,O,O,1
is,be.v.06,O,0
fifteen,O,O,1
eat,eat.v.01,eat.v.01,1
noodles,noodle.n.01,noodle.n.01,1
Nothing,entity.n.01,entity.n.01,1
's,O,O,1
sacred,sacred.a.01,sacred.a.03,0
Give,give.v.12,give.v.03,0
telephone~number,telephone_number.n.01,telephone_number.n.01,1
thermometer,thermometer.n.01,thermometer.n.01,1
reads,read.v.08,read.v.08,1
degrees,degree_celsius.n.01,degree_celsius.n.01,1
young,young.a.01,young.a.01,1
nurse,nurse.n.01,nurse.n.01,1
fell,fall.v.03,fall.v.03,1
in~love,in_love.a.01,in_love.a.01,1
with,O,O,1
patient,patient.n.01,patient.n.01,1
court,court.n.01,court.n.01,1
is,O,O,1
adjourned,adjourn.v.01,adjourn.v.01,1
until,O,O,1
on,O,O,1
pulled,pull_out.v.02,pull.v.15,0
out,O,O,1
knitting~needles,knitting_needle.n.01,knitting_needle.n.01,1
None,entity.n.01,entity.n.01,1
of,O,O,1
advice,advice.n.01,advice.n.01,1
was,O,O,1
very,very.r.01,very.r.01,1
useful,useful.a.01,useful.a.01,1
Richard~Roberts,male.n.02,O,0
is,be.v.02,O,0
author,author.n.01,author.n.01,1
of,O,O,1
numerous,O,O,1
books,book.n.01,book.n.02,0
ca,O,O,1
n't,O,O,1
stand,stand.v.05,stand_for.v.02,0
noise,noise.n.01,noise.n.01,1
anymore,O,O,1
's,O,O,1
suffering,suffer.v.03,suffer.v.02,0
was,O,O,1
pleased,pleased.a.01,pleased.a.01,1
with,O,O,1
performance,performance.n.03,performance.n.01,0
'm,be.v.01,O,0
not,O,O,1
freak,freak.n.01,freak.n.01,1
rat,rat.n.01,rat.n.01,1
chewed,chew.v.01,chew.v.01,1
hole,hole.n.02,hole.n.01,0
in,O,O,1
wall,wall.n.01,wall.n.01,1
shoes,shoe.n.01,shoe.n.01,1
are,be.v.02,O,0
brother,brother.n.01,brother.n.01,1
's,shoe.n.01,O,0
blew,blow_out.v.02,blow.v.05,0
out,O,O,1
candles,candle.n.01,candle.n.01,1
's,be.v.08,O,0
good,good.a.08,good.a.01,0
carpenter,carpenter.n.01,carpenter.n.01,1
is,O,O,1
kneeling,kneel.v.01,kneel.v.01,1
If,O,O,1
've,O,O,1
misjudged,misjudge.v.01,misjudge.v.01,1
'm,O,O,1
terribly,terribly.r.01,terribly.r.01,1
sorry,sorry.a.01,sorry.a.01,1
was,O,O,1
written,write.v.01,write.v.01,1
by,O,O,1
was,O,O,1
recorded,record.v.02,record.v.02,1
by,O,O,1
elevator,elevator.n.01,elevator.n.01,1
is,be.v.01,O,0
out,O,O,1
of,O,O,1
order,order.n.05,order.v.02,0
study,study.v.05,study.v.05,1
from,O,O,1
eight,O,O,1
to,O,O,1
eleven,O,O,1
acquired,acquire.v.05,acquire.v.01,0
Russian,russian.n.02,country.n.02,0
quickly,quickly.r.02,quickly.r.02,1
am,O,O,1
tired,tired.a.01,tired.a.01,1
According,according.a.02,according.a.02,1
to,O,O,1
newspaper,newspaper.n.01,newspaper.n.03,0
there,O,O,1
was,be.v.03,O,0
earthquake,earthquake.n.01,earthquake.n.01,1
in,O,O,1
sharpened,sharpen.v.01,sharpen.v.01,1
pencil,pencil.n.01,pencil.n.01,1
was,O,O,1
arrested,arrest.v.01,arrest.v.01,1
for,O,O,1
shoplifting,shoplifting.n.01,shoplifting.n.01,1
public~prosecutor,public_prosecutor.n.01,O,0
as~well~as,O,O,1
sentenced,sentence.v.01,sentence.v.01,1
have,O,O,1
appealed,appeal.v.01,appeal.v.01,1
Where,location.n.01,location.n.01,1
is,be.v.03,O,0
river,river.n.01,river.n.01,1
runs,run.v.06,run.v.06,1
through,O,O,1
is,be.v.02,O,0
president,president.n.03,president.n.01,0
of,O,O,1
United~States,state.n.03,country.n.02,0
How,O,O,1
old,old.a.01,old.a.01,1
is,O,O,1
How,O,O,1
old,old.a.01,old.a.01,1
was,O,O,1
when,O,O,1
died,die.v.01,die.v.01,1
How,manner.n.01,O,0
did,O,O,1
die,die.v.01,die.v.01,1
There,O,O,1
are,be.v.03,O,0
apples,apple.n.01,apple.n.01,1
in,O,O,1
basket,basket.n.01,basket.n.01,1
likes,like.v.02,like.v.02,1
chocolate,chocolate.n.02,chocolate.n.02,1
got,get_up.v.02,O,0
up,O,O,1
at,O,O,1
six,O,O,1
quarreled,quarrel.v.01,quarrel.v.01,1
invented,invent.v.01,invent.v.01,1
light~bulb,light_bulb.n.01,light_bulb.n.01,1
pulled,pull_out.v.02,pull.v.15,0
out,O,O,1
pen,pen.n.01,pen.n.01,1
am,O,O,1
convinced,convinced.a.01,convinced.a.01,1
right,right.a.02,O,0
name,name.n.01,name.n.01,1
is,be.v.03,O,0
n't,O,O,1
on,O,O,1
list,list.n.01,list.n.01,1
bought,buy.v.01,buy.v.01,1
half~a~dozen,O,O,1
eggs,egg.n.02,egg.n.02,1
was,O,O,1
good,good.a.01,good.a.01,1
at,O,O,1
playing,play.v.01,play.v.01,1
chess,chess.n.02,chess.n.02,1
spilled,spill.v.01,spill.v.01,1
coffee,coffee.n.01,coffee.n.01,1
on,O,O,1
tablecloth,tablecloth.n.01,tablecloth.n.01,1
mice,mouse.n.01,mouse.n.01,1
ate,eat.v.03,eat.v.01,0
of,O,O,1
bread,bread.n.01,bread.n.01,1
Somebody,person.n.01,person.n.01,1
farted,fart.v.01,fart.v.01,1
in,O,O,1
elevator,elevator.n.01,elevator.n.01,1
never,O,O,1
tells,tell.v.02,state.v.01,0
anything,entity.n.01,entity.n.01,1
If,O,O,1
do,O,O,1
n't,O,O,1
hurry,hurry.v.01,hurry.v.01,1
'll,O,O,1
miss,miss.v.05,miss.v.05,1
train,train.n.01,train.n.01,1
How,O,O,1
many,O,O,1
museums,museum.n.01,museum.n.01,1
are,be.v.03,O,0
there,O,O,1
in,O,O,1
saw,see.v.01,see.v.01,1
something,entity.n.01,entity.n.01,1
white,white.a.01,white.a.01,1
in,O,O,1
dark,dark.n.03,dark.a.10,0
drank,drink.v.01,drink.v.01,1
orange~juice,orange_juice.n.01,orange_juice.n.01,1
out~of,O,O,1
bottle,bottle.n.01,bottle.n.01,1
lives,live.v.01,live.v.01,1
near,O,O,1
beach,beach.n.01,beach.n.01,1
but,O,O,1
ca,O,O,1
n't,O,O,1
swim,swim.v.01,swim.v.01,1
did,O,O,1
n't,O,O,1
realize,realize.v.01,recognize.v.02,0
had,have_on.v.01,O,0
sweater,sweater.n.01,sweater.n.01,1
on,O,O,1
inside~out,inside_out.r.01,inside_out.r.01,1
's,O,O,1
dishonest,dishonest.a.01,dishonest.a.01,1
had,have.v.12,O,0
jet~lag,jet_lag.n.01,jet_lag.n.01,1
is,O,O,1
dancing,dance.v.02,dance.v.02,1
to,O,O,1
music,music.n.04,music.n.01,0
heard,hear.v.02,hear.v.01,0
footprints,footprint.n.01,footprint.n.01,1
of,O,O,1
abominable,abominable.a.02,abominable.s.01,0
snowman,snowman.n.01,snowman.n.01,1
have,O,O,1
been,O,O,1
discovered,discover.v.01,discover.v.01,1
in,O,O,1
shrieked,shriek.v.01,shriek.v.01,1
bill,bill.n.02,bill.n.02,1
amounts,amount.v.02,amount.v.02,1
to,O,O,1
five~thousand,O,O,1
yen,yen.n.02,yen.n.02,1
ate,eat.v.01,eat.v.01,1
green,green.a.01,green.a.01,1
apples,apple.n.01,apple.n.01,1
is,O,O,1
partial,partial.a.03,partial.a.03,1
to,O,O,1
sweets,sweet.n.03,sweet.n.01,0
does,O,O,1
n't,O,O,1
like,like.v.02,like.v.02,1
apples,apple.n.01,apple.n.01,1
walked,walk.v.01,walk.v.01,1
to,O,O,1
front~door,front_door.n.01,front_door.n.01,1
and,O,O,1
knocked,knock.v.04,knock.v.02,0
will,will.n.03,O,0
was,O,O,1
declared,declare.v.04,declare.v.02,0
void,void.a.01,nothingness.n.01,0
by,O,O,1
court,court.n.01,court.n.01,1
fly,fly.n.01,fly.v.01,0
buzzes,buzz.v.01,buzz.v.01,1
has,O,O,1
n't,O,O,1
broken,break.v.06,broken.a.01,0
laws,law.n.02,law.n.02,1
likes,like.v.04,like.v.02,0
short,short.a.02,short.a.04,0
skirts,skirt.n.02,skirt.n.01,0
joined,join.v.01,join.v.01,1
political~party,political_party.n.01,political_party.n.01,1
bought,buy.v.01,buy.v.01,1
Persian,country.n.02,iranian.a.01,0
rug,rug.n.01,rug.n.01,1
If,O,O,1
are,O,O,1
hungry,hungry.a.01,hungry.a.01,1
can,O,O,1
eat,eat.v.01,eat.v.01,1
bread,bread.n.01,bread.n.01,1
city,city.n.01,city.n.01,1
of,O,O,1
is,O,O,1
famous,famous.a.01,famous.a.01,1
drove,drive.v.03,drive.v.02,0
car,car.n.01,car.n.01,1
to,O,O,1
carved,carve.v.02,carve.v.01,0
name,name.n.01,name.n.01,1
on,O,O,1
tree,tree.n.01,tree.n.01,1
with,O,O,1
knife,O,knife.n.01,0
love,love.v.01,love.v.01,1
hard-boiled,hard-boiled.a.03,hard-bitten.s.01,0
eggs,egg.n.02,egg.n.02,1
used,O,O,1
to,O,O,1
swim,swim.v.01,swim.v.01,1
in,O,O,1
river,river.n.01,river.n.01,1
doorbell,doorbell.n.01,doorbell.n.01,1
rang,ring.v.01,ring.v.01,1
farm,farm.n.01,farm.n.01,1
is,O,O,1
located,located.a.01,located.a.01,1
in,O,O,1
rural,rural.a.02,rural.a.01,0
chopped,chop_down.v.01,chop.v.01,0
tree,tree.n.01,tree.n.01,1
down,O,O,1
's,be.v.02,O,0
last~name,last_name.n.01,last_name.n.01,1
blackbird,blackbird.n.01,new_world_blackbird.n.01,0
whistles,whistle.v.01,whistle.n.01,0
're,O,O,1
confused,confused.a.01,confuse.v.01,0
Do,O,O,1
know,know.v.04,know.v.01,0
anybody,person.n.01,person.n.01,1
in,O,O,1
Has,O,O,1
climate,climate.n.01,climate.n.01,1
changed,change.v.02,change.v.01,0
kind~of,kind_of.r.01,kind_of.r.01,1
liked,like.v.03,like.v.03,1
wall,wall.n.01,wall.n.01,1
is,O,O,1
taller,tall.a.01,tall.a.01,1
than,O,O,1
one,wall.n.01,person.n.01,0
is,O,O,1
proficient,proficient.a.02,proficient.a.01,0
in,O,O,1
Reinventing~Comics,book.n.01,O,0
is,be.v.01,O,0
book,book.n.01,book.n.02,0
by,O,O,1
is,O,O,1
based,based.a.02,based.a.02,1
in,O,O,1
typhoon,typhoon.n.01,typhoon.n.01,1
batters,batter.v.01,buffet.v.01,0
dictionary,dictionary.n.01,dictionary.n.01,1
is,be.v.02,O,0
death~penalty,death_penalty.n.01,death_penalty.n.01,1
should,O,O,1
be,O,O,1
abolished,abolish.v.01,abolish.v.01,1
am,be.v.03,O,0
from,O,O,1
cat,cat.n.01,cat.n.01,1
was,O,O,1
playing,play.v.05,play.v.01,0
with,O,O,1
live,live.a.03,live.v.01,0
mouse,mouse.n.01,mouse.n.04,0
glanced,glance.v.01,glance.v.01,1
at,O,O,1
watch,watch.n.01,watch.n.01,1
's,O,O,1
six,O,O,1
years,year.n.01,year.n.01,1
older,old.a.01,old.a.01,1
than,O,O,1
nodded,nod.v.02,nod.v.02,1
How,O,O,1
much,O,O,1
does,O,O,1
pill,pill.n.02,pill.n.01,0
of,O,O,1
extasy,ecstasy.n.03,O,0
cost,cost.v.01,cost.v.01,1
in,O,O,1
Where,location.n.01,location.n.01,1
is,be.v.03,O,0
Belgian,country.n.02,belgian.a.01,0
town,town.n.01,town.n.01,1
of,O,O,1
How,O,O,1
many,O,O,1
inhabitants,inhabitant.n.01,inhabitant.n.01,1
does,O,O,1
have,have.v.02,O,0
With,O,O,1
radioactive,radioactive.a.01,radioactive.a.01,1
substance,substance.n.04,substance.n.01,0
was,O,O,1
injected,inject.v.01,inject.v.01,1
in,O,O,1
is,be.v.08,O,0
How,manner.n.01,O,0
did,O,O,1
's,O,O,1
son,son.n.01,son.n.01,1
die,die.n.01,die.v.01,0
How,O,O,1
old,old.a.01,old.a.01,1
was,O,O,1
Elvis,male.n.02,O,0
when,O,O,1
died,die.v.01,die.v.01,1
took,take_off.v.06,take.v.02,0
off,O,O,1
gas~mask,gasmask.n.01,O,0
kvetching,kvetch.v.01,O,0
put,put.v.01,put.v.01,1
bunch,bunch.n.01,bunch.n.01,1
of,O,O,1
letters,letter.n.01,letter.n.01,1
on,O,O,1
's,O,O,1
desk,desk.n.01,desk.n.01,1
picked,pick_up.v.03,pick.v.02,0
up,O,O,1
at,O,O,1
station,station.n.01,station.n.01,1
is,O,O,1
bustling,bustle.v.01,bustle.v.01,1
with,O,O,1
life,life.n.01,life.n.03,0
folded,fold.v.01,fold.v.01,1
arms,arm.n.01,arm.n.01,1
is,O,O,1
dyeing,dye.v.01,dye.v.01,1
hair,hair.n.01,hair.n.01,1
man,man.n.01,man.n.01,1
slumped,slump.v.02,slump.v.02,1
to,O,O,1
floor,floor.n.01,floor.n.01,1
folded,fold.v.01,fold.v.01,1
letter,letter.n.01,letter.n.01,1
's,O,O,1
smarter,smart.a.01,smart.a.01,1
than,O,O,1
has,O,O,1
named,name.v.01,name.v.01,1
dog,dog.n.01,dog.n.01,1
is,O,O,1
taller,tall.a.01,tall.a.01,1
than,O,O,1
banged,bang.v.01,bang.v.01,1
knee,knee.n.01,knee.n.01,1
father,father.n.01,father.n.01,1
is,be.v.08,O,0
excellent,excellent.a.01,excellent.a.01,1
pianist,pianist.n.01,pianist.n.01,1
'll,O,O,1
return,return.v.01,return.v.01,1
at,O,O,1
fished,fish.v.02,fish.v.01,0
in,O,O,1
's,be.v.02,O,0
maiden~name,maiden_name.n.01,maiden_name.n.01,1
put,put.v.01,put.v.01,1
bait,bait.n.02,O,0
on,O,O,1
hook,hook.n.04,hook.n.01,0
do,O,O,1
n't,O,O,1
trust,trust.v.01,trust.v.01,1
politicians,politician.n.02,politician.n.01,0
left,leave.v.01,leave.v.01,1
home,home.n.01,home.n.01,1
at,O,O,1
seven,O,O,1
kind,entity.n.01,entity.n.01,1
of,O,O,1
gift,gift.n.01,gift.n.01,1
do,O,O,1
want,want.v.01,want.v.01,1
pretty,pretty.a.01,pretty.a.01,1
eyes,eye.n.01,eye.n.01,1
have,have.v.02,O,0
can,O,O,1
run,run.v.01,run_over.v.01,0
fast,fast.r.01,fast.a.02,0
still,O,O,1
in~love,in_love.a.01,in_love.a.01,1
with,O,O,1
wife,wife.n.01,wife.n.01,1
diamond,diamond.n.01,diamond.n.01,1
shone,shine.v.01,O,0
brightly,brightly.r.01,brilliantly.r.01,0
one,person.n.01,person.n.01,1
complained,complain.v.01,complain.v.01,1
about,O,O,1
black,black.a.01,black.a.01,1
bird,bird.n.01,bird.n.01,1
is,be.v.01,O,0
not,O,O,1
blackbird,blackbird.n.01,new_world_blackbird.n.01,0
Someone,person.n.01,person.n.01,1
opened,open.v.01,open.v.01,1
window,window.n.01,window.n.01,1
grilled,grill.v.01,grill.v.01,1
steak,steak.n.01,steak.n.01,1
How,O,O,1
long,long.a.02,long.a.02,1
is,O,O,1
was,O,O,1
bullied,bully.v.02,bully.v.02,1
by,O,O,1
classmates,classmate.n.01,schoolmate.n.01,0
folded,fold.v.01,fold.v.01,1
letter,letter.n.01,letter.n.01,1
and,O,O,1
put,put.v.01,put.v.01,1
into,O,O,1
envelope,envelope.n.01,envelope.n.01,1
'm,O,O,1
ordering,order.v.02,order.v.01,0
pizza,pizza.n.01,pizza.n.01,1
're,O,O,1
wearing,wear.v.01,wear.v.01,1
sweater,sweater.n.01,sweater.n.01,1
inside~out,inside_out.r.01,inside_out.r.01,1
is,O,O,1
donating,donate.v.01,donate.v.01,1
blood,blood.n.01,blood.n.01,1
stabbed,stab.v.02,stab.v.01,0
in,O,O,1
back,back.n.01,back.n.01,1
is,O,O,1
going,go.v.01,go.v.01,1
to,O,O,1
pulled,pull.v.04,pull.v.15,0
trigger,trigger.n.01,trigger.n.01,1
has,O,O,1
been,be.v.03,O,0
to,O,O,1
number,O,number.n.04,0
of,O,O,1
times,time.n.01,time.n.01,1
apologized,apologize.v.01,apologize.v.01,1
to,O,O,1
for,O,O,1
son,son.n.01,son.n.01,1
's,O,O,1
impolite,impolite.a.01,impolite.a.01,1
remarks,remark.n.01,remark.n.01,1
is,O,O,1
months,month.n.02,month.n.02,1
pregnant,pregnant.a.01,pregnant.a.01,1
coffee,coffee.n.01,coffee.n.01,1
is,O,O,1
nasty,nasty.a.04,nasty.a.01,0
girl,girl.n.01,girl.n.01,1
was,O,O,1
sobbing,sob.v.01,sob.v.01,1
in,O,O,1
corner,corner.n.03,corner.n.04,0
of,O,O,1
schoolroom,schoolroom.n.01,classroom.n.01,0
dog,dog.n.01,dog.n.01,1
sniffed,sniff.v.01,sniff.v.01,1
stick,stick.n.02,stick.n.02,1
like,like.v.02,like.v.02,1
tie,tie.n.01,tie.n.01,1
of,O,O,1
yours,O,O,1
There,O,O,1
are,be.v.03,O,0
oranges,orange.n.01,orange.n.01,1
on,O,O,1
table,table.n.02,table.n.02,1
slipped,slip.v.03,slip.v.11,0
on,O,O,1
banana~peel,banana_peel.n.01,banana_peel.n.01,1
grabbed,grab.v.03,grab.v.05,0
rope,rope.n.01,rope.n.01,1
was,O,O,1
lowered,lower.v.01,lower.v.03,0
from,O,O,1
helicopter,helicopter.n.01,helicopter.n.01,1
'm,O,O,1
always,O,O,1
tired,tired.a.01,tired.a.01,1
'm,O,O,1
sort~of,sort_of.r.01,sort_of.r.01,1
hungry,hungry.a.01,hungry.a.01,1
car,car.n.01,car.n.01,1
is,O,O,1
going,go.v.01,go.v.01,1
km,km.n.01,kilometer.n.01,0
hour,hour.n.01,hour.n.01,1
goes,O,go.v.01,0
jogging,jog.v.03,jog.v.03,1
morning,morning.n.01,morning.n.01,1
hat,hat.n.01,hat.n.01,1
cost,cost.v.01,cost.v.01,1
around,O,O,1
fifty,O,O,1
dollars,dollar.n.01,dollar.n.01,1
mother,mother.n.01,mother.n.01,1
boiled,boil.v.02,boil.v.02,1
ten,O,O,1
eggs,egg.n.02,egg.n.02,1
suspected,suspect.v.01,suspect.v.01,1
nothing,entity.n.01,entity.n.01,1
'm,O,O,1
not,O,O,1
thirsty,thirsty.a.02,thirsty.a.02,1
arrested,arrest.v.01,arrest.v.01,1
everyone,person.n.01,person.n.01,1
in,O,O,1
room,room.n.01,room.n.01,1
said,say.v.01,say.v.01,1
likes,like.v.02,like.v.02,1
swimming,swimming.n.01,swim.v.01,0
plastic,plastic.n.01,plastic.n.01,1
chair,chair.n.01,chair.n.01,1
is,O,O,1
very,very.r.01,very.r.01,1
cheap,cheap.a.01,cheap.a.03,0
's,be.v.02,O,0
theirs,person.n.01,person.n.01,1
scowled,scowl.v.01,scowl.v.01,1
at,O,O,1
rude,rude.a.01,rude.a.01,1
salesman,salesman.n.01,salesman.n.01,1
dyed,dye.v.01,dye.v.01,1
white,white.a.01,white.a.01,1
skirt,skirt.n.01,skirt.n.01,1
red,red.a.01,red.a.01,1
warned,warn.v.01,warn.v.01,1
but,O,O,1
ignored,ignore.v.02,ignore.v.04,0
warning,warning.n.01,warning.n.01,1
is,O,O,1
swinging,swing.v.02,singe.v.01,0
in,O,O,1
hammock,hammock.n.02,knoll.n.01,0
hung,hang.v.02,hang.v.02,1
under,O,O,1
old,old.a.02,old.a.01,0
oak~tree,oak_tree.n.01,oak_tree.n.01,1
is,O,O,1
outgoing,outgoing.a.03,outgoing.a.03,1
's,O,O,1
name,name.n.01,name.n.01,1
was,O,O,1
on,O,O,1
box,box.n.01,box.n.01,1
bolt,bolt.n.06,thunderbolt.n.01,0
fits,fit.v.02,fit.v.02,1
nut,nut.n.03,nut.n.01,0
flossed,floss.v.01,floss.v.01,1
teeth,tooth.n.01,tooth.n.01,1
problem,problem.n.01,problem.n.02,0
is,O,O,1
being,O,O,1
discussed,discuss.v.02,discourse.v.01,0
now,O,O,1
sister,sister.n.01,sister.n.01,1
married,marry.v.01,marry.v.01,1
doctor,doctor.n.01,doctor.n.01,1
brushed,brush.v.03,brush.v.01,0
teeth,tooth.n.01,tooth.n.01,1
and,O,O,1
had,have.v.02,O,0
Canadian,country.n.02,country.n.02,1
citizenship,citizenship.n.01,citizenship.n.01,1
old,old.a.01,old.a.01,1
man,man.n.01,man.n.01,1
captured,capture.v.06,capture.v.03,0
big,big.a.01,big.a.01,1
fish,fish.n.01,fish.n.01,1
did,do_away_with.v.01,O,0
away,O,O,1
with,O,O,1
slavery,slavery.n.02,slavery.n.02,1
read,read.v.01,read.v.01,1
letter,letter.n.01,letter.n.01,1
again~and~again,O,O,1
is,be.v.08,O,0
volleyball~player,volleyball_player.n.01,O,0
're,O,O,1
eating,eat.v.01,eat.v.01,1
apples,apple.n.01,apple.n.01,1
clock,clock.n.01,clock.n.01,1
stopped,stop.v.01,stop.v.02,0
needs,need.v.02,need.v.01,0
new,new.a.05,new.a.01,0
battery,battery.n.02,battery.n.01,0
ca,O,O,1
n't,O,O,1
live,live.v.01,live.v.01,1
on,O,O,1
island,island.n.01,island.n.01,1
eat,eat.v.01,eat.v.01,1
fruits,fruit.n.01,fruit.n.01,1
because,O,O,1
am,O,O,1
hungry,hungry.a.01,hungry.a.01,1
According,according.a.02,according.a.02,1
to,O,O,1
police,police.n.01,police.n.01,1
people,person.n.01,person.n.01,1
were,O,O,1
temporarily,temporarily.r.01,temporarily.r.01,1
detained,detain.v.01,confine.v.05,0
law,law.n.01,law.n.01,1
was,O,O,1
also,O,O,1
criticized,criticize.v.01,knock.v.06,0
be,O,O,1
trade~unions,trade_union.n.01,O,0
was,be.v.01,O,0
one,O,person.n.01,0
of,O,O,1
Egyptian,country.n.02,country.n.02,1
gods,god.n.02,god.n.01,0
How,O,O,1
many,O,O,1
people,person.n.01,person.n.01,1
in,O,O,1
are,O,O,1
addicted,addicted.a.01,addicted.a.01,1
to,O,O,1
hard~drugs,hard_drug.n.01,O,0
's,O,O,1
cover,cover.n.09,cover.v.02,0
did,O,O,1
sing,sing.v.01,sing.v.01,1
was,be.v.01,O,0
is,be.v.08,O,0
little~brother,little_brother.n.01,little_brother.n.01,1
asked,ask.v.02,ask.v.01,0
for,O,O,1
money,money.n.01,money.n.01,1
owes,owe.v.03,owe.v.03,1
dollars,dollar.n.01,dollar.n.01,1
operation,operation.n.06,operation.n.03,0
is,O,O,1
accompanied,accompany.v.01,accompany.v.03,0
with,O,O,1
lot,O,O,1
of,O,O,1
pain,pain.n.01,pain.n.01,1
works,work.v.02,work.v.02,1
for,O,O,1
bank,bank.n.02,bank.n.02,1
supermarket,supermarket.n.01,supermarket.n.01,1
hired,hire.v.01,hire.v.01,1
many,O,O,1
part-timers,part-timer.n.01,part-timer.n.01,1
complained,complain.v.01,complain.v.01,1
about,O,O,1
low,low.a.01,low.a.01,1
salary,salary.n.01,wage.n.01,0
are,O,O,1
n't,O,O,1
married,married.a.01,marry.v.01,0
ironed,iron.v.01,iron.v.01,1
pants,pants.n.03,pants.n.03,1
am,be.v.03,O,0
from,O,O,1
's,O,O,1
boyfriend,boyfriend.n.01,boyfriend.n.01,1
is,O,O,1
bit,O,O,1
antisocial,antisocial.a.01,antisocial.s.01,0
put,put.v.01,put.v.01,1
ice~cream,ice_cream.n.01,ice_cream.n.01,1
in,O,O,1
freezer,freezer.n.01,deep-freeze.n.01,0
chopped,chop_down.v.01,chop.v.01,0
down,O,O,1
branch,branch.n.02,branch.n.01,0
with,O,O,1
ax,ax.n.01,ax.n.01,1
is,be.v.01,O,0
excellent,excellent.a.01,excellent.a.01,1
marksman,marksman.n.01,marksman.n.01,1
yogurt,yogurt.n.01,yogurt.n.01,1
expires,expire.v.01,expire.v.01,1
in,O,O,1
luggage,luggage.n.01,luggage.n.01,1
is,be.v.03,O,0
in,O,O,1
boot,boot.n.02,boot.n.01,0
worked,work.v.01,work.v.02,0
from,O,O,1
six~PM,O,O,1
until,O,O,1
midnight,O,O,1
missed,miss.v.05,miss.v.05,1
two~o'clock,O,O,1
plane,plane.n.01,plane.n.01,1
made,make.v.15,make.v.06,0
peanut~butter,peanut_butter.n.01,peanut_butter.n.01,1
and,O,O,1
jelly,jelly.n.02,jelly.n.02,1
sandwich,sandwich.n.01,sandwich.n.01,1
were,O,O,1
not,O,O,1
amused,amused.a.01,amused.a.01,1
music,music.n.01,music.n.01,1
lured,lure.v.01,entice.v.01,0
everyone,person.n.01,person.n.01,1
Is,O,O,1
money,money.n.02,money.n.01,0
important,important.a.01,important.a.01,1
to,O,O,1
're,O,O,1
dieting,diet.v.01,diet.v.01,1
was,O,O,1
christened,christen.v.01,baptize.v.01,0
accident,accident.n.01,accident.n.01,1
took,take_place.v.01,take.v.02,0
place,O,O,1
at,O,O,1
corner,corner.n.04,corner.n.04,1
traffic~light,traffic_light.n.01,O,0
does,O,O,1
n't,O,O,1
work,work.v.04,work.v.02,0
earthquake,earthquake.n.01,earthquake.n.01,1
was,O,O,1
terrible,terrible.a.01,terrible.a.01,1
misunderstood,misunderstand.v.01,misunderstand.v.01,1
There,O,O,1
are,be.v.03,O,0
many,O,O,1
movie~theaters,movie_theater.n.01,O,0
in,O,O,1
city,city.n.01,city.n.01,1
laptop~computer,laptop_computer.n.01,O,0
is,O,O,1
very,very.r.01,very.r.01,1
thin,thin.a.01,thin.a.01,1
spilled,spill.v.01,spill.v.01,1
ketchup,ketchup.n.01,ketchup.n.01,1
on,O,O,1
tie,tie.n.01,tie.n.01,1
Someone,person.n.01,person.n.01,1
entered,enter.v.01,enter.v.01,1
room,room.n.01,room.n.01,1
accompanied,accompany.v.03,accompany.v.03,1
on,O,O,1
piano,piano.n.01,piano.n.01,1
was,O,O,1
born,bear.v.02,bear.v.02,1
in,O,O,1
British,country.n.02,country.n.02,1
soldiers,soldier.n.01,soldier.n.01,1
had,O,O,1
been,O,O,1
captured,capture.v.03,capture.v.03,1
sat,sit.v.01,sit.v.01,1
next,next.a.02,next.a.02,1
to,O,O,1
on,O,O,1
bus,O,bus.n.01,0
is,O,O,1
too,O,O,1
lazy,lazy.a.02,lazy.a.02,1
to,O,O,1
cook,cook.v.01,O,0
hate,hate.v.01,hate.v.01,1
peanut~butter,peanut_butter.n.01,peanut_butter.n.01,1
is,O,O,1
extremely,extremely.r.02,extremely.r.02,1
shy,shy.a.01,shy.a.01,1
borrowed,borrow.v.01,borrow.v.01,1
ruler,ruler.n.02,ruler.n.01,0
was,O,O,1
thirty,O,O,1
is,O,O,1
patting,pat.v.02,chuck.v.03,0
dog,dog.n.01,dog.n.01,1
hamster,hamster.n.01,hamster.n.01,1
has,have.v.02,O,0
stuffed,stuffed.a.01,stuff.v.01,0
cheeks,cheek.n.01,cheek.n.01,1
lives,live.v.01,live.v.01,1
near,O,O,1
beach,beach.n.01,beach.n.01,1
went,O,go.v.01,0
fishing,fish.v.02,fish.v.02,1
was,O,O,1
born,bear.v.02,bear.v.02,1
in,O,O,1
love,love.v.01,love.v.01,1
ice~cream,ice_cream.n.01,ice_cream.n.01,1
owl,owl.n.01,O,0
hoots,hoot.v.02,hoot.n.01,0
Many,O,O,1
philosophers,philosopher.n.01,philosopher.n.01,1
come,come.v.08,come.v.02,0
from,O,O,1
is,O,O,1
no,O,no.r.01,0
longer,O,longer.r.01,0
amused,amused.a.01,amused.a.01,1
is,O,O,1
addicted,addicted.a.01,addicted.a.01,1
to,O,O,1
alcohol,alcohol.n.01,O,0
was,O,O,1
stung,sting.v.02,sting.v.02,1
by,O,O,1
bee,bee.n.01,bee.n.01,1
scored,score.v.01,score.v.01,1
points,point.n.10,point.n.10,1
needs,need.v.02,need.v.01,0
coat,coat.n.01,coat.n.01,1
queen,queen.n.02,O,0
stood,stand.v.01,stand_up.v.01,0
beside,O,O,1
king,king.n.01,king.n.01,1
favorite,favorite.a.02,favorite.a.02,1
soccer~player,soccer_player.n.01,soccer_player.n.01,1
is,be.v.02,O,0
used,O,O,1
to,O,O,1
have,have.v.04,O,0
sports~car,sports_car.n.01,sports_car.n.01,1
ironed,iron.v.01,iron.v.01,1
shirts,shirt.n.01,shirt.n.01,1
documents,document.n.01,document.n.01,1
are,be.v.02,O,0
's,O,O,1
dropped,drop_off.v.03,drop.v.01,0
off,O,O,1
at,O,O,1
apartment,apartment.n.01,apartment.n.01,1
Nobody,person.n.01,person.n.01,1
can,O,O,1
help,help.v.01,help.v.01,1
one,person.n.01,person.n.01,1
is,O,O,1
invulnerable,invulnerable.a.01,invulnerable.a.01,1
used,O,O,1
to,O,O,1
be,be.v.08,O,0
dancer,dancer.n.01,dancer.n.01,1
danced,dance.v.01,dance.v.02,0
trusted,trust.v.01,trust.v.01,1
's,O,O,1
already,O,O,1
out~of~fashion,unfashionable.a.01,unfashionable.a.01,1
