brown,brown.a.01,brown.a.01,1
dog,dog.n.01,dog.n.01,1
and,O,O,1
grey,grey.a.01,grey.n.05,0
are,O,O,1
fighting,fight.v.01,contend.v.06,1
in,O,O,1
snow,snow.n.02,snow.n.02,1
woman,woman.n.01,woman.n.01,1
in,O,O,1
white,white.a.01,white.a.01,1
dress,dress.n.01,dress.n.01,1
and,O,O,1
blue,blue.a.01,blue.a.01,1
are,O,O,1
standing,stand.v.03,stand.v.01,0
on,O,O,1
stage,stage.n.03,stage.n.03,1
There,O,O,1
is,O,O,1
man,man.n.01,man.n.01,1
playing,play.v.07,play.v.01,0
two,O,O,1
keyboards,keyboard.n.01,keyboard.n.01,1
There,O,O,1
is,O,O,1
person,person.n.01,person.n.01,1
cutting,cut.v.01,cut.v.01,1
ginger,ginger.n.02,ginger.n.01,0
are,O,O,1
screwed,screw.v.05,screw.v.04,0
is,be.v.01,O,0
man-made,man-made.a.01,man-made.s.01,1
language,language.n.01,language.n.01,1
which,entity.n.01,entity.n.01,1
singer,singer.n.01,singer.n.01,1
do,O,O,1
like,like.v.03,like.v.02,0
sold,sell.v.01,sell.v.01,1
was,O,O,1
murdered,murder.v.01,murder.v.01,1
is,be.v.02,O,0
inventor,inventor.n.01,inventor.n.01,1
of,O,O,1
dynamite,dynamite.n.01,dynamite.n.01,1
yakuza,yakuza.n.02,yakuza.n.01,0
are,be.v.02,O,0
Japanese,country.n.02,country.n.02,1
mafia,mafia.n.01,mafia.n.01,1
fears,fear.v.02,fear.v.01,0
system,system.n.02,system.n.01,0
reached,reach.v.01,reach.v.01,1
on,O,O,1
lives,live.v.01,live.v.01,1
near,near.a.01,O,0
Yunus,male.n.02,O,0
founded,found.v.01,found.v.01,1
years,year.n.01,year.n.01,1
ago,O,O,1
has,have.v.02,O,0
long,long.a.02,long.a.02,1
hair,hair.n.01,hair.n.01,1
How,O,O,1
slow,slow.a.03,slow.a.04,0
are,O,O,1
astronauts,astronaut.n.01,astronaut.n.01,1
went,go_up.v.07,go.v.01,0
up,O,O,1
to,O,O,1
moon,moon.n.01,moon.n.01,1
in,O,O,1
rocket,rocket.n.01,rocket.n.01,1
stood,stand.v.03,stand_up.v.01,0
at,O,O,1
door,door.n.01,door.n.01,1
and,O,O,1
waited,wait.v.01,wait.v.01,1
is,be.v.01,O,0
popular,popular.a.01,popular.a.01,1
at,O,O,1
school,school.n.06,school.n.02,0
was,O,O,1
killed,kill.v.01,kill.v.01,1
by,O,O,1
intruder,intruder.n.01,intruder.n.01,1
took,take.v.02,take.v.02,1
two,O,O,1
hours,hour.n.01,hour.n.01,1
to,O,O,1
memorize,memorize.v.01,memorize.v.01,1
sentence,sentence.n.01,sentence.n.01,1
is,be.v.02,O,0
camera,camera.n.01,camera.n.01,1
'm,O,O,1
calling,call.v.03,call.v.03,1
because,O,O,1
've,O,O,1
lost,lose.v.05,lose.v.02,0
credit~card,credit_card.n.01,credit_card.n.01,1
Let,O,O,1
's,O,O,1
have,have.v.06,O,0
sushi,sushi.n.01,sushi.n.01,1
dog,dog.n.01,dog.n.01,1
attacked,attack.v.04,attack.v.04,1
little,little.a.03,little.a.03,1
boy,boy.n.01,boy.n.01,1
Think,think.v.03,think.v.01,0
about,O,O,1
like,like.v.03,like.v.02,0
actor,actor.n.01,actor.n.01,1
gave,give.v.03,give.v.03,1
to,O,O,1
mommy,mommy.n.01,ma.n.01,1
bought,buy.v.01,buy.v.01,1
few,O,O,1
eggs,egg.n.02,egg.n.02,1
and,O,O,1
little,O,little.a.03,0
milk,milk.n.01,milk.n.01,1
uncle,uncle.n.01,uncle.n.01,1
bought,buy.v.01,buy.v.01,1
book,book.n.02,book.n.02,1
'll,O,O,1
buy,buy.v.01,buy.v.01,1
new,new.a.05,new.a.01,0
one,entity.n.01,person.n.01,0
's,O,O,1
nice,nice.a.01,nice.a.01,1
brother,brother.n.01,brother.n.01,1
was,O,O,1
nasty,nasty.a.01,nasty.a.01,1
to,O,O,1
's,O,O,1
not,O,O,1
like,like.a.01,like.v.02,0
's,O,O,1
much,O,O,1
younger,young.a.01,young.a.01,1
than,O,O,1
can,O,O,1
swim,swim.v.01,swim.v.01,1
is,O,O,1
head,head.n.11,head.n.01,0
taller,tall.a.01,tall.a.01,1
than,O,O,1
waved,wave.v.01,wave.v.01,1
good-bye,good-bye.n.01,adieu.n.01,1
to,O,O,1
used,use.v.06,O,0
to,O,O,1
play,play.v.01,play.v.01,1
tennis,tennis.n.01,tennis.n.01,1
Oil,oil.n.03,oil.n.01,0
has,O,O,1
been,O,O,1
discovered,discover.v.03,discover.v.01,0
under,O,O,1
is,be.v.02,O,0
do,O,O,1
n't,O,O,1
remember,remember.v.01,remember.v.01,1
name,name.n.01,name.n.01,1
threw,throw_up.v.01,throw.v.01,0
up,O,O,1
want,want.v.01,want.v.01,1
to,O,O,1
pay,pay.v.01,pay.v.01,1
with,O,O,1
check,check.n.01,check.n.01,1
has,have.v.01,O,0
three,O,O,1
brothers,brother.n.01,brother.n.01,1
customer,customer.n.01,customer.n.01,1
is,O,O,1
always,O,O,1
right,right.a.02,O,0
One,O,O,1
plus,plus.n.02,plus.n.02,1
two,O,O,1
is,O,O,1
equal,equal.a.01,equal.a.01,1
to,O,O,1
three,O,O,1
suit,suit.n.01,suit.n.01,1
book,book.n.02,book.n.02,1
is,O,O,1
big,big.a.01,big.a.01,1
have,O,O,1
to,O,O,1
hurry,hurry.v.01,hurry.v.01,1
is,be.v.02,O,0
woman,woman.n.01,woman.n.01,1
cars,car.n.01,car.n.01,1
were,O,O,1
stolen,steal.v.01,steal.v.01,1
Where,location.n.01,location.n.01,1
are,be.v.03,O,0
parking~metres,parking_meter.n.01,O,0
is,O,O,1
opening,open.v.01,open.v.01,1
window,window.n.01,window.n.01,1
parents,parent.n.01,parent.n.01,1
come,come.v.08,come.v.02,0
from,O,O,1
won,win.v.01,win.v.01,1
gold~medal,gold_medal.n.01,gold_medal.n.01,1
beautiful,beautiful.a.01,beautiful.a.01,1
rainbow,rainbow.n.01,rainbow.n.01,1
garden,garden.n.01,garden.n.01,1
was,O,O,1
full,full.a.01,full.a.01,1
of,O,O,1
beautiful,beautiful.a.01,beautiful.a.01,1
yellow,yellow.a.01,yellow.a.01,1
flowers,flower.n.01,flower.n.01,1
is,be.v.02,O,0
of,O,O,1
mother,mother.n.01,mother.n.01,1
told,tell.v.04,tell.v.02,0
to,O,O,1
mow,mow.v.01,mow.v.01,1
lawn,lawn.n.01,lawn.n.01,1
used,use.v.01,O,0
toothpick,toothpick.n.01,toothpick.n.01,1
love,love.v.01,love.v.01,1
is,O,O,1
nonsense,nonsense.a.01,nonsense.n.01,0
do,O,O,1
n't,O,O,1
want,want.v.01,want.v.01,1
pizza,pizza.n.01,pizza.n.01,1
'm,O,O,1
not,O,O,1
hungry,hungry.a.01,hungry.a.01,1
seedless,seedless.a.01,seedless.a.01,1
watermelons,watermelon.n.02,watermelon.n.01,0
exist,exist.v.01,exist.v.01,1
lost,lose.v.04,lose.v.02,0
key,key.n.01,key.n.01,1
If,O,O,1
do,O,O,1
n't,O,O,1
like,like.v.02,like.v.02,1
then,O,O,1
can,O,O,1
quit,quit.v.01,quit.v.01,1
guy,guy.n.01,guy.n.01,1
is,O,O,1
completely,completely.r.01,completely.r.01,1
nuts,nuts.a.01,nuts.a.01,1
'm,O,O,1
sleepy,sleepy.a.01,sleepy.a.01,1
data,data.n.01,data.n.01,1
network,network.n.01,network.n.01,1
is,O,O,1
now,O,O,1
complete,complete.a.01,complete.a.01,1
shooting,shooting.n.01,shoot.v.01,0
had,O,O,1
ceased,cease.v.01,discontinue.v.01,1
has,O,O,1
fled,flee.v.01,flee.v.01,1
boy-scouts,boy_scout.n.01,O,0
jeered,jeer.v.01,jeer.v.01,1
and,O,O,1
scuttled,scuttle.v.01,scurry.v.01,1
into,O,O,1
building,building.n.01,building.n.01,1
Five,O,O,1
rings,ring.n.08,ring.v.01,0
In,O,O,1
site,site.n.01,site.n.01,1
was,O,O,1
acquired,acquire.v.01,acquire.v.01,1
by,O,O,1
announced,announce.v.02,announce.v.03,0
economy,economy.n.01,economy.n.01,1
measures,measure.n.01,measure.v.03,0
have,O,O,1
been,O,O,1
arrested,arrest.v.01,arrest.v.01,1
already,O,O,1
were,O,O,1
silent,silent.a.02,silent.a.01,1
is,be.v.02,O,0
height,height.n.01,height.n.01,1
of,O,O,1
tallest,tall.a.01,tall.a.01,1
redwood,redwood.n.02,redwood.n.01,0
directed,direct.v.03,direct.v.03,1
film,film.n.01,film.n.01,1
roller~coaster,roller_coaster.n.02,roller_coaster.n.02,1
is,be.v.02,O,0
fastest,fast.a.01,fast.a.01,1
in,O,O,1
world,world.n.04,world.n.04,1
How,O,O,1
tall,tall.a.01,tall.a.01,1
is,O,O,1
How,O,O,1
many,O,O,1
people,person.n.01,person.n.01,1
in,O,O,1
do,O,O,1
not,O,O,1
have,have.v.02,O,0
health~insurance,health_insurance.n.01,O,0
How,manner.n.01,O,0
did,O,O,1
die,die.v.01,die.v.01,1
'm,O,O,1
bored,bored.a.02,bore.v.01,0
right,O,O,1
now,O,O,1
were,O,O,1
satisfied,satisfied.a.01,satisfied.a.01,1
shrugged,shrug.v.01,shrug.v.01,1
shoulders,shoulder.n.01,shoulder.n.01,1
is,be.v.01,O,0
airline,airline.n.02,airline.n.02,1
based,based.a.02,based.a.02,1
in,O,O,1
is,O,O,1
fakir,fakir.n.01,fakir.n.01,1
is,O,O,1
out,out.r.01,O,0
now,O,O,1
was,O,O,1
n't,O,O,1
wearing,wear.v.01,wear.v.01,1
thing,entity.n.01,entity.n.01,1
's,O,O,1
absent-minded,absentminded.a.01,O,0
abhors,abhor.v.01,abhor.v.01,1
violence,violence.n.01,violence.n.01,1
is,be.v.08,O,0
not,O,O,1
good,good.a.01,good.a.01,1
sailor,sailor.n.01,sailor.n.01,1
Everyone,person.n.01,person.n.01,1
's,O,O,1
eating,eat.v.02,eat.v.01,0
is,be.v.01,O,0
old,old.a.02,old.a.01,1
letter,letter.n.01,letter.n.01,1
is,O,O,1
rinsing,rinse.v.01,rinse.v.01,1
dishes,dish.n.01,dish.n.01,1
Will,O,O,1
die,die.v.01,die.v.01,1
house,house.n.01,house.n.01,1
has,O,O,1
burnt,burn_down.v.01,burn.v.01,0
down,O,O,1
is,O,O,1
being,O,O,1
silly,silly.a.01,silly.a.01,1
n't,O,O,1
smoked,smoke.v.01,smoke.v.01,1
cigar,cigar.n.01,cigar.n.01,1
is,O,O,1
disrespectful,disrespectful.a.01,disrespectful.a.01,1
's,O,O,1
brushing,brush.v.03,brush.v.03,1
hair,hair.n.01,hair.n.01,1
loved,love.v.03,love.v.03,1
have,O,O,1
n't,O,O,1
been,be.v.03,O,0
to,O,O,1
since,O,O,1
college,college.n.02,college.n.02,1
was,O,O,1
founded,found.v.01,found.v.01,1
by,O,O,1
Something,entity.n.01,entity.n.01,1
's,O,O,1
burning,burn.v.01,burn.v.01,1
sun,sun.n.01,sun.n.01,1
is,O,O,1
rising,rise.v.01,rise.v.01,1
sister,sister.n.01,sister.n.01,1
is,O,O,1
n't,O,O,1
studying,study.v.05,study.v.05,1
now,O,O,1
Is,O,O,1
cat,cat.n.01,cat.n.01,1
all~right,all_right.a.01,all_right.a.01,1
does,O,O,1
n't,O,O,1
know,know.v.04,know.v.01,0
door,door.n.01,door.n.01,1
is,O,O,1
opening,open.v.01,open.v.01,1
now,O,O,1
There,O,O,1
are,be.v.03,O,0
rats,rat.n.01,rat.n.01,1
in,O,O,1
kitchen,kitchen.n.01,kitchen.n.01,1
is,O,O,1
poor,poor.a.02,poor.a.04,1
girl,girl.n.01,girl.n.01,1
was,O,O,1
visibly,visibly.r.01,visibly.r.01,1
shaken,shaken.a.01,shake.v.01,0
after,O,O,1
accident,accident.n.01,accident.n.01,1
artist,artist.n.01,artist.n.01,1
is,O,O,1
gifted,gifted.a.01,endow.v.01,0
was,O,O,1
thoughtful,thoughtful.a.05,thoughtful.a.01,1
is,be.v.02,O,0
paint,paint.n.01,paint.n.01,1
with,O,O,1
stick,stick.n.01,stick.n.02,0
Is,O,O,1
phone,phone.n.01,phone.n.01,1
ringing,ring.v.01,ring.v.01,1
have,have.v.04,O,0
big,big.a.01,big.a.01,1
dog,dog.n.01,dog.n.01,1
're,O,O,1
workaholic,workaholic.n.01,workaholic.n.01,1
Yesterday,O,O,1
went,go.v.01,go.v.01,1
to,O,O,1
opera,opera.n.03,opera.n.01,0
is,be.v.01,O,0
plucky,plucky.a.02,gutsy.a.01,0
guy,guy.n.01,guy.n.01,1
How,O,O,1
's,O,O,1
cold,cold.n.01,cold.n.01,1
deserve,deserve.v.01,deserve.v.01,1
explanation,explanation.n.01,explanation.n.01,1
just,O,just.r.03,0
left,leave.v.01,leave.v.01,1
will,O,O,1
not,O,O,1
lie,lie.v.05,lie.n.01,0
to,O,O,1
needed,need.v.02,need.v.01,0
money,money.n.01,money.n.01,1
ate,eat.v.01,eat.v.01,1
dinner,dinner.n.01,dinner.n.01,1
game,game.n.01,game.n.01,1
excited,excite.v.01,excited.a.01,0
lots,O,O,1
of,O,O,1
people,person.n.01,person.n.01,1
boy,boy.n.01,boy.n.01,1
fanned,fan.v.03,fan.v.01,0
with,O,O,1
hat,hat.n.01,hat.n.01,1
Everyone,person.n.01,person.n.01,1
wants,want.v.01,want.v.01,1
Coffee,coffee.n.01,coffee.n.01,1
will,O,O,1
be,O,O,1
served,serve.v.05,serve.v.06,0
after,O,O,1
meal,meal.n.01,meal.n.01,1
has,have.v.01,O,0
two~thousand,O,O,1
books,book.n.01,book.n.02,0
is,O,O,1
leaving,leave.v.01,leave.v.01,1
tomorrow,O,O,1
body,person.n.01,person.n.01,1
except,O,O,1
went,go.v.01,go.v.01,1
to,O,O,1
party,party.n.04,party.n.04,1
is,O,O,1
spinning,spin.v.06,spin.v.06,1
wool,wool.n.02,wool.n.02,1
'm,O,O,1
very,very.r.01,very.r.01,1
lazy,lazy.a.02,lazy.a.02,1
people,person.n.01,person.n.01,1
might,O,O,1
assume,assume.v.01,assume.v.01,1
was,O,O,1
like,like.a.01,like.v.02,0
father,father.n.01,father.n.01,1
to,O,O,1
Packing,pack.v.01,pack.v.01,1
sucks,suck.v.04,suck.v.04,1
How,O,O,1
heavy,heavy.a.01,heavy.a.01,1
are,O,O,1
story,story.n.02,story.n.01,0
is,be.v.01,O,0
famous,famous.a.01,famous.a.01,1
one,story.n.02,person.n.01,0
everyone,person.n.01,person.n.01,1
knows,know.v.01,know.v.01,1
works,work.v.02,work.v.02,1
for,O,O,1
oil~company,oil_company.n.01,oil_company.n.01,1
is,O,O,1
studying,study.v.02,study.v.05,0
agriculture,agriculture.n.02,agribusiness.n.01,0
carefully,carefully.r.01,carefully.r.01,1
wiped,wipe.v.01,wipe.v.01,1
fingerprints,fingerprint.n.01,fingerprint.n.01,1
off,O,O,1
knife,knife.n.01,knife.n.01,1
jokes,joke.n.01,joke.n.01,1
are,O,O,1
n't,O,O,1
funny,funny.a.01,funny.a.01,1
kind,entity.n.01,entity.n.01,1
of,O,O,1
remark,remark.n.01,remark.n.01,1
does,O,O,1
not,O,O,1
befit,befit.v.01,befit.v.01,1
'd~better,O,O,1
drive,drive.v.03,drive.v.01,0
home,home.n.01,home.n.01,1
stupidity,stupidity.n.01,stupidity.n.01,1
is,O,O,1
abysmal,abysmal.a.01,abysmal.s.01,1
did,O,O,1
n't,O,O,1
find,find.v.03,find.v.03,1
and,O,O,1
detest,detest.v.01,O,0
each~other,O,O,1
is,O,O,1
less,O,O,1
diligent,diligent.a.01,diligent.a.01,1
than,O,O,1
was,O,O,1
hurt,hurt.v.02,hurt.v.02,1
took,take.v.09,take.v.02,0
elevator,elevator.n.01,elevator.n.01,1
to,O,O,1
third,3.n.01,O,0
floor,floor.n.02,floor.n.01,0
think,think.v.01,think.v.01,1
is,O,O,1
normal,normal.a.03,normal.a.01,1
brother,brother.n.01,brother.n.01,1
is,O,O,1
rich,rich.a.01,rich.a.01,1
drives,drive.v.04,drive.v.01,0
crazy,crazy.a.03,crazy.a.05,1
is,be.v.01,O,0
common,common.a.02,common.a.01,1
name,name.n.01,name.n.01,1
plan,plan.n.01,plan.n.01,1
worked,work.v.03,work.v.02,0
sang,sing.v.02,sing.v.02,1
song,song.n.01,song.n.01,1
alarm,alarm.n.04,alarm.n.02,0
did,O,O,1
n't,O,O,1
wake,wake.v.05,wake_up.v.01,1
was,O,O,1
sweating,sweat.v.01,sweat.v.01,1
says,say.v.01,say.v.01,1
's,O,O,1
busy,busy.a.01,busy.a.01,1
have,O,O,1
lost,lose.v.04,lose.v.02,0
pencil,pencil.n.01,pencil.n.01,1
have,O,O,1
got,get_into.v.03,O,0
into,O,O,1
sister,sister.n.01,sister.n.01,1
is,O,O,1
not,O,O,1
going,go.v.01,go.v.01,1
to,O,O,1
picked,pick_up.v.02,pick.v.02,0
up,O,O,1
coin,coin.n.01,coin.n.01,1
needed,need.v.01,need.v.01,1
is,O,O,1
creepy,creepy.a.02,creepy.a.01,1
phoned,phone.v.01,call.v.03,1
's,O,O,1
eating,eat.v.02,eat.v.01,0
skier,skier.n.01,skier.n.01,1
suffered,suffer.v.02,suffer.v.02,1
head,head.n.01,head.n.01,1
trauma,trauma.n.01,injury.n.01,1
joined,join.v.03,join.v.01,0
lot,O,O,1
of,O,O,1
books,book.n.02,book.n.02,1
Do,O,O,1
belong,belong.v.01,belong.v.05,0
to,O,O,1
university,university.n.03,university.n.02,0
library,library.n.02,library.n.03,0
supported,support.v.01,support.v.01,1
'm,O,O,1
not,O,O,1
creative,creative.a.01,creative.a.01,1
is,O,O,1
snoring,snore.v.01,snore.v.01,1
seems,seem.v.01,seem.v.01,1
conceited,conceited.a.01,conceited.a.01,1
was,O,O,1
very,very.r.01,very.r.01,1
good,good.a.01,good.a.01,1
dialled,dial.v.02,dial.v.01,0
number,number.n.04,number.n.04,1
leaves,leaf.n.01,leave.v.01,0
fell,fall.v.01,fall.v.03,0
to,O,O,1
earth,earth.n.03,earth.n.01,0
is,O,O,1
wet,wet.a.01,wet.a.01,1
played,play.v.05,play.v.01,0
with,O,O,1
dog,dog.n.01,dog.n.01,1
needs,need.v.01,need.v.01,1
assistants,assistant.n.01,assistant.n.01,1
lied,lie.v.05,lie.v.05,1
to,O,O,1
does,O,O,1
n't,O,O,1
regard,regard.v.03,see.v.05,0
's,O,O,1
clean,clean.a.02,clean.v.01,0
Ten,O,O,1
prisoners,prisoner.n.01,prisoner.n.01,1
broke,break_out.v.03,break_out.v.01,0
out,O,O,1
of,O,O,1
jail,jail.n.01,jail.n.01,1
watch,watch.n.01,watch.n.01,1
may,O,O,1
be,O,O,1
one,O,person.n.01,0
or,O,O,1
two,O,O,1
minutes,minute.n.01,minute.n.01,1
fast,fast.a.02,fast.a.02,1
cube~root,cube_root.n.01,O,0
of,O,O,1
twenty-seven,O,O,1
is,be.v.06,O,0
three,O,O,1
is,O,O,1
extremely,extremely.r.02,extremely.r.02,1
gullible,gullible.a.01,fleeceable.s.01,1
know,know.v.01,know.v.01,1
is,O,O,1
honest,honest.a.01,honest.a.01,1
won,win.v.01,win.v.01,1
has,O,O,1
never,O,O,1
been,O,O,1
skiing,ski.v.01,ski.v.01,1
try,try.v.01,try.v.01,1
is,O,O,1
grinning,grin.v.01,grin.v.01,1
All,entity.n.01,O,0
passengers,passenger.n.01,passenger.n.01,1
died,die.v.01,die.v.01,1
but,O,O,1
survived,survive.v.01,survive.v.01,1
method,method.n.01,method.n.01,1
was,O,O,1
too,too.r.01,O,0
expensive,expensive.a.01,expensive.a.01,1
to,O,O,1
be,O,O,1
practical,practical.a.01,practical.a.01,1
've,O,O,1
never,O,O,1
been,be.v.03,O,0
to,O,O,1
was,O,O,1
n't,O,O,1
running,run.v.01,run.v.01,1
ate,eat.v.02,eat.v.01,0
girls,girl.n.01,girl.n.01,1
reveled,revel.v.01,delight.v.02,1
in,O,O,1
dancing,dance.n.03,dance.v.02,0
graduated,graduate.v.01,graduate.v.01,1
from,O,O,1
laid,lay.v.01,lay.v.01,1
racket,racket.n.04,racket.n.04,1
on,O,O,1
ground,ground.n.01,ground.n.01,1
ca,O,O,1
n't,O,O,1
open,open.v.01,open.a.01,0
bottle,bottle.n.01,bottle.n.01,1
have,have.v.02,O,0
very,very.r.01,very.r.01,1
good,good.a.01,good.a.01,1
voice,voice.n.01,voice.n.02,0
is,O,O,1
rich,rich.a.01,rich.a.01,1
but,O,O,1
unkind,unkind.a.01,unkind.a.01,1
misled,mislead.v.01,mislead.v.02,0
hope,hope.v.01,hope.n.01,0
agrees,agree.v.01,agree.v.01,1
use,use.v.01,use.v.01,1
really,really.r.01,really.r.04,1
state-of-the-art,state-of-the-art.a.01,state-of-the-art.s.01,1
equipment,equipment.n.01,equipment.n.01,1
With,O,O,1
are,O,O,1
eating,eat.v.02,eat.v.01,0
dinner,dinner.n.01,dinner.n.01,1
storm,storm.n.01,storm.n.01,1
abated,abate.v.02,slake.v.02,0
's,O,O,1
watching,watch.v.03,watch.v.03,1
watch,watch.n.01,watch.n.01,1
says,say.v.11,say.v.01,0
Everybody,person.n.01,person.n.01,1
hates,hate.v.01,hate.v.01,1
'm,be.v.01,O,0
genius,genius.n.01,genius.n.01,1
lives,live.v.01,live.v.01,1
in,O,O,1
city,city.n.01,city.n.01,1
storm,storm.n.01,storm.n.01,1
let,let_up.v.01,let_up.v.01,1
up,O,O,1
buds,bud.n.02,bud.n.01,0
began,begin.v.01,begin.v.01,1
to,O,O,1
open,open.v.03,open.a.01,0
There,O,O,1
are,be.v.03,O,0
many,O,O,1
islands,island.n.01,island.n.01,1
in,O,O,1
blast,blast.n.04,blast.n.01,0
destroyed,destroy.v.02,destroy.v.01,0
everything,entity.n.01,entity.n.01,1
was,O,O,1
n't,O,O,1
prepared,prepared.a.01,prepare.v.01,0
is,O,O,1
not,O,O,1
dead,dead.a.01,dead.a.01,1
doll,doll.n.01,doll.n.01,1
lay,lie.v.01,lie.v.02,0
on,O,O,1
floor,floor.n.01,floor.n.01,1
do,O,O,1
not,O,O,1
like,like.v.02,like.v.02,1
science,science.n.01,science.n.01,1
's,O,O,1
Argentinian,country.n.02,country.n.02,1
How,O,O,1
's,O,O,1
dog,dog.n.01,dog.n.01,1
left,leave.v.01,leave.v.01,1
at,O,O,1
midnight,O,O,1
am,be.v.03,O,0
in,O,O,1
was,O,O,1
having,have.v.06,have.v.06,1
dinner,dinner.n.01,dinner.n.01,1
with,O,O,1
Fish,fish.n.01,fish.n.01,1
surface,surface.v.01,surface.n.01,0
for,O,O,1
air,air.n.01,air.n.01,1
saw,see.v.01,see.v.01,1
mouse,mouse.n.01,mouse.n.04,0
like,like.v.03,like.v.02,0
teachers,teacher.n.01,teacher.n.01,1
laughs,laugh.v.01,laugh.v.01,1
a~lot,a_lot.r.01,O,0
apple,apple.n.01,apple.n.01,1
is,O,O,1
not,O,O,1
green,green.a.01,green.a.01,1
volunteered,volunteer.v.02,volunteer.v.01,0
drives,drive.v.01,drive.v.01,1
truck,truck.n.01,truck.n.01,1
and,O,O,1
wife,wife.n.01,wife.n.01,1
station~wagon,station_wagon.n.01,O,0
's,O,O,1
obvious,obvious.a.01,obvious.a.01,1
are,O,O,1
perfect,perfect.a.01,perfect.a.01,1
lied,lie.v.05,lie.v.05,1
to,O,O,1
did,O,O,1
n't,O,O,1
jungle,jungle.n.01,jungle.n.03,0
gave,give_in.v.01,give.v.03,0
in,O,O,1
is,be.v.01,O,0
born,bear.v.02,bear.v.02,1
in,O,O,1
Austrian,country.n.02,country.n.02,1
visited,visit.v.03,visit.v.02,0
yesterday,O,O,1
took,take_part.v.01,take.v.02,0
part,O,part.n.07,0
in,O,O,1
race,race.n.02,race.n.02,1
'm,O,O,1
drunk,drunk.a.01,drunk.a.01,1
dreamed,dream.v.01,dream.v.01,1
of,O,O,1
often,O,frequently.r.01,0
has,O,O,1
kept,keep.v.08,keep.v.08,1
diary,diary.n.01,diary.n.01,1
for,O,O,1
years,year.n.01,year.n.01,1
needed,need.v.03,need.v.01,0
money,money.n.01,money.n.01,1
need,need.v.02,need.v.02,1
is,O,O,1
manipulative,manipulative.a.01,manipulative.s.01,1
Everything,entity.n.01,entity.n.01,1
is,O,O,1
new,new.a.01,new.a.01,1
did,O,O,1
n't,O,O,1
answer,answer.v.03,answer.n.01,0
all,O,O,1
questions,question.n.03,question.n.01,0
is,O,O,1
eavesdropping,eavesdrop.v.01,eavesdrop.v.01,1
lucky,lucky.a.02,lucky.a.02,1
live,live.a.01,live.v.01,0
is,O,O,1
drowning,drown.v.03,submerge.v.02,0
friend,friend.n.01,friend.n.01,1
invited,invite.v.05,invite.v.02,0
to,O,O,1
dinner,dinner.n.02,dinner.n.01,0
at,O,O,1
restaurant,restaurant.n.01,restaurant.n.01,1
hope,hope.v.01,hope.n.01,0
's,O,O,1
all~right,all_right.a.01,all_right.a.01,1
caused,cause.v.01,cause.v.01,1
broke,break_up.v.02,break_out.v.01,0
up,O,O,1
with,O,O,1
Why,reason.n.01,reason.n.01,1
are,O,O,1
shouting,shout.v.01,shout.v.01,1
is,O,O,1
gay,gay.a.06,gay.a.06,1
found,find.v.03,find.v.01,0
draws,draw.v.06,pull.v.01,0
well,well.r.01,well.a.01,0
did,O,O,1
not,O,O,1
read,read.v.01,read.v.01,1
book,book.n.01,book.n.02,0
and,O,O,1
stopped,stop.v.02,stop.v.02,1
hugging,hug.v.01,embrace.v.02,1
dog,dog.n.01,dog.n.01,1
ran,run.v.01,run_away.v.01,0
in,O,O,1
yard,yard.n.02,yard.n.02,1
went,O,go.v.01,0
fishing,fish.v.02,fish.v.02,1
Do,O,O,1
prefer,prefer.v.01,prefer.v.01,1
Belgian,country.n.02,belgian.a.01,0
or,O,O,1
German,country.n.02,country.n.02,1
beer,beer.n.01,beer.n.01,1
is,O,O,1
ready,ready.a.01,ready.a.01,1
drives,drive.v.02,drive.v.01,0
slowly,slowly.r.01,slowly.r.01,1
How,O,O,1
much,O,O,1
did,O,O,1
glasses,glasses.n.03,glasses.n.01,0
cost,cost.v.01,cost.v.01,1
grandmother,grandmother.n.01,grandmother.n.01,1
passed,pass_away.v.01,pass_away.v.01,1
away,O,O,1
Eight,O,O,1
plus,plus.n.02,plus.n.02,1
two,O,O,1
is,be.v.06,O,0
ten,O,O,1
was,O,O,1
excited,excited.a.01,excited.a.01,1
Somebody,person.n.01,person.n.01,1
's,O,O,1
at,O,O,1
front~door,front_door.n.01,front_door.n.01,1
's,O,O,1
house,house.n.01,house.n.01,1
is,O,O,1
easy,easy.a.01,easy.a.01,1
to,O,O,1
find,find.v.03,find.v.03,1
spent,spend.v.01,spend.v.01,1
several,O,O,1
hours,hour.n.01,hour.n.01,1
in,O,O,1
library,library.n.05,library.n.03,0
has,have.v.02,O,0
bought,buy.v.01,buy.v.01,1
house,house.n.01,house.n.01,1
which,O,entity.n.01,0
six,O,O,1
rooms,room.n.01,room.n.01,1
am,O,O,1
spreading,spread.v.10,spread.v.01,0
mustard,mustard.n.02,mustard.n.01,0
on,O,O,1
slice,slice.n.02,slice.n.02,1
of,O,O,1
bread,bread.n.01,bread.n.01,1
cups,cup.n.01,cup.n.02,0
are,O,O,1
broken,broken.a.01,broken.a.01,1
'm,O,O,1
too,O,O,1
crawled,crawl.v.01,crawl.v.01,1
out~of,O,O,1
bed,bed.n.01,bed.n.01,1
benefited,benefit.v.01,profit.v.01,1
greatly,greatly.r.01,greatly.r.01,1
from,O,O,1
's,O,O,1
generous,generous.a.01,generous.a.01,1
support,support.n.01,support.v.02,0
is,O,O,1
courteous,courteous.a.01,courteous.s.01,1
is,O,O,1
writing,write.v.02,write.v.01,0
letter,letter.n.01,letter.n.01,1
eat,eat.v.01,eat.v.01,1
banana,banana.n.02,banana.n.02,1
is,O,O,1
taller,tall.a.01,tall.a.01,1
than,O,O,1
Is,O,O,1
popular,popular.a.01,popular.a.01,1
in,O,O,1
as~well,O,O,1
Alas,alas.r.01,ala.n.01,0
is,O,O,1
as,O,O,1
tall,tall.a.01,tall.a.01,1
father,father.n.01,father.n.01,1
oversimplifies,oversimplify.v.01,O,0
everything,entity.n.01,entity.n.01,1
ca,O,O,1
n't,O,O,1
talk,talk.v.02,talk.v.01,0
now,O,O,1
has,have.v.01,O,0
Swiss,country.n.02,country.n.02,1
bank~account,bank_account.n.01,bank_account.n.01,1
story,story.n.02,story.n.01,0
does,O,O,1
n't,O,O,1
have,have.v.02,O,0
happy,happy.a.01,happy.a.01,1
ending,ending.n.04,end.v.01,0
is,O,O,1
impossible,impossible.a.01,O,0
's,O,O,1
paralyzed,paralyzed.a.01,O,0
've,O,O,1
been,O,O,1
stung,sting.v.02,sting.v.02,1
by,O,O,1
hornet,hornet.n.01,hornet.n.01,1
failed,fail.v.07,fail.v.01,0
because,O,O,1
did,O,O,1
n't,O,O,1
study,study.v.05,study.v.05,1
got,O,O,1
sick,sick.a.01,sick.a.01,1
's,be.v.02,O,0
favorite,favorite.a.02,favorite.a.02,1
commercial,commercial.n.01,commercial.a.01,0
lowered,lower.v.01,lower.v.03,0
bucket,bucket.n.01,bucket.n.01,1
into,O,O,1
well,well.n.01,well.a.01,0
's,be.v.02,O,0
oldest,old.a.01,old.a.02,1
son,son.n.01,son.n.01,1
'm,O,O,1
nervous,nervous.a.04,nervous.a.02,1
now,O,O,1
reached,reach.v.03,reach.v.01,0
for,O,O,1
pistol,pistol.n.01,pistol.n.01,1
Sally,female.n.02,O,0
is,O,O,1
two,O,O,1
years,year.n.01,year.n.01,1
older,old.a.01,old.a.01,1
than,O,O,1
But,O,O,1
nobody,O,person.n.01,0
believed,believe.v.01,believe.v.01,1
love,love.v.01,love.v.01,1
Italian,country.n.02,country.n.02,1
food,food.n.02,food.n.02,1
is,O,O,1
still,O,O,1
uncertain,uncertain.a.01,uncertain.a.01,1
family,family.n.01,family.n.04,0
is,O,O,1
very,very.r.01,very.r.01,1
proud,proud.a.01,proud.a.01,1
of,O,O,1
is,O,O,1
as,O,O,1
fast,O,fast.a.02,0
leopard,leopard.n.02,leopard.n.01,0
loves,love.v.02,love.v.01,0
to,O,O,1
cook,cook.v.01,O,0
If,O,O,1
text,text.n.01,text.n.01,1
does,O,O,1
n't,O,O,1
make,make_sense.v.01,make.v.01,0
sense,O,sense.n.01,0
is,O,O,1
coherent,coherent.a.01,coherent.a.01,1
serpent,serpent.n.01,snake.n.01,1
tempted,tempt.v.02,tempt.v.01,0
ca,O,O,1
n't,O,O,1
speak,speak.v.03,speak.v.03,1
French,french.n.01,french.n.01,1
Spanish,spanish.n.01,spanish.n.01,1
wants,want.v.01,want.v.01,1
to,O,O,1
paint,paint.v.02,paint.v.01,0
car,car.n.01,car.n.01,1
bright~blue,bright_blue.a.01,O,0
never,time.n.01,O,0
lie,lie.v.05,lie.n.01,0
politician,politician.n.01,politician.n.02,0
is,be.v.01,O,0
old,old.a.04,old.a.01,0
fox,fox.n.02,fox.n.01,0
are,O,O,1
dozing,doze_off.v.01,doze_off.v.01,1
off,O,O,1
cat,cat.n.01,cat.n.01,1
is,O,O,1
watching,watch.v.01,watch.v.03,0
fish,fish.n.01,fish.n.01,1
decapitated,decapitated.a.01,beheaded.s.01,1
body,person.n.02,person.n.01,0
was,be.v.03,O,0
on,O,O,1
coroner,coroner.n.01,coroner.n.01,1
's,O,O,1
table,table.n.02,table.n.02,1
Many,O,O,1
man,man.n.03,man.n.01,0
has,O,O,1
predicted,predict.v.01,predict.v.01,1
is,be.v.02,O,0
one,person.n.01,person.n.01,1
want,want.v.03,want.v.01,0
jumped,jump.v.01,jump.v.01,1
into,O,O,1
train,train.n.01,train.n.01,1
is,O,O,1
more,more.r.01,O,0
popular,popular.a.01,popular.a.01,1
than,O,O,1
roads,road.n.01,roads.n.01,0
lead,lead.v.11,lead.n.02,0
to,O,O,1
station,station.n.01,station.n.01,1
found,find.v.03,find.v.01,0
one,entity.n.01,person.n.01,0
son,son.n.01,son.n.01,1
will,O,O,1
take,take_over.v.03,take_place.v.01,0
over,O,O,1
job,job.n.02,job.n.01,0
Speak,speak.v.01,O,0
clear,clear.a.09,clear.a.01,0
shoes,shoe.n.01,shoe.n.01,1
are,O,O,1
little,O,little.a.03,0
loose,loose.a.03,loose.a.01,1
ca,O,O,1
n't,O,O,1
understand,understand.v.01,understand.v.01,1
table,table.n.01,table.n.02,0
is,be.v.02,O,0
map,map.n.01,map.n.01,1
of,O,O,1
city,city.n.01,city.n.01,1
was,O,O,1
carrying,carry.v.01,carry.v.01,1
bucket,bucket.n.01,bucket.n.01,1
of,O,O,1
water,water.n.06,water.n.06,1
was,O,O,1
crying,cry.v.02,cry.v.02,1
're,O,O,1
very,very.r.01,very.r.01,1
happy,happy.a.01,happy.a.01,1
with,O,O,1
results,result.n.03,result.n.03,1
'm,O,O,1
really,O,really.r.04,0
fed~up,fed_up.a.01,fed_up.a.01,1
with,O,O,1
heat,heat.n.02,heat.n.02,1
Man,man.n.11,man.n.01,0
has,O,O,1
been,O,O,1
writing,write.v.02,write.v.01,0
for,O,O,1
about,O,O,1
years,O,year.n.01,0
acknowledged,acknowledge.v.01,acknowledge.v.01,1
mistake,mistake.n.01,mistake.n.01,1
lot,O,O,1
of,O,O,1
insects,insect.n.01,insect.n.01,1
are,O,O,1
chirping,chirp.v.01,peep.v.03,1
in,O,O,1
field,field.n.01,field.n.01,1
'm,be.v.08,O,0
volleyball~player,volleyball_player.n.01,O,0
mother,mother.n.01,mother.n.01,1
made,make.v.06,make.v.06,1
sweater,sweater.n.01,sweater.n.01,1
are,O,O,1
not,O,O,1
watching,watch.v.03,watch.v.03,1
TV,tv.n.01,tv.n.02,0
now,O,O,1
is,O,O,1
exciting,exciting.a.01,exciting.a.01,1
pie,pie.n.01,pie.n.01,1
is,O,O,1
fresh,fresh.a.01,fresh.a.01,1
is,O,O,1
watering,water.v.02,water.v.01,0
garden,garden.n.01,garden.n.01,1
played,play.v.03,play.v.01,0
piano,piano.n.01,piano.n.01,1
and,O,O,1
sang,sing.v.01,sing.v.02,0
hugged,hug.v.01,hug.v.01,1
saw,see.v.01,see.v.01,1
monkey,monkey.n.01,monkey.n.01,1
at,O,O,1
zoo,zoo.n.01,zoo.n.01,1
'll,O,O,1
hang,hang_up.v.02,hang.v.05,0
coat,coat.n.01,coat.n.01,1
up,O,O,1
behind,O,O,1
door,door.n.01,door.n.01,1
called,call_up.v.02,call.v.01,0
mother,mother.n.01,mother.n.01,1
up,O,O,1
from,O,O,1
airport,airport.n.01,airport.n.01,1
There,O,O,1
are,be.v.03,O,0
over,O,O,1
speakers,speaker.n.01,speaker.n.02,0
in,O,O,1
world,world.n.04,world.n.04,1
was,O,O,1
expelled,expel.v.01,expel.v.01,1
from,O,O,1
school,school.n.01,school.n.02,0
Despite,O,O,1
great,great.a.01,great.a.04,1
wealth,wealth.n.01,wealth.n.01,1
are,O,O,1
not,O,O,1
happy,happy.a.02,happy.a.01,0
started,start.v.01,start.v.02,0
walking,walk.v.01,walk.v.01,1
has,O,O,1
read,read.v.01,read.v.01,1
times,time.n.01,time.n.01,1
gave,give.v.03,give.v.03,1
money,money.n.01,money.n.01,1
of,O,O,1
were,O,O,1
surprised,surprised.a.01,surprised.a.01,1
at,O,O,1
news,news.n.01,news.n.01,1
rain,rain.n.01,rain.n.01,1
is,O,O,1
letting,let_up.v.01,let_up.v.01,1
up,O,O,1
'll,O,O,1
miss,miss.v.02,miss.v.05,0
too,O,O,1
am,O,O,1
counting,count.v.08,count.v.01,0
on,O,O,1
help,help.n.01,help.v.01,0
is,O,O,1
extremely,extremely.r.01,extremely.r.02,1
fit,fit.a.03,fit.a.03,1
's,O,O,1
plan,plan.n.01,plan.n.01,1
actually,actually.r.01,actually.r.01,1
worked,work.v.03,work.v.02,0
's,O,O,1
shorter,short.a.03,short.a.03,1
than,O,O,1
father,father.n.01,father.n.01,1
want,want.v.01,want.v.01,1
now,O,O,1
Emily,female.n.02,female.n.02,1
is,O,O,1
crying,cry.v.02,cry.v.02,1
borrowed,borrow.v.01,borrow.v.01,1
's,O,O,1
car,car.n.01,car.n.01,1
brought,bring.v.01,bring.v.01,1
wine,wine.n.01,wine.n.01,1
train,train.n.01,train.n.01,1
leaves,leave.v.01,leave.v.01,1
at,O,O,1
nine~o'clock,O,O,1
's,O,O,1
speech,speech.n.01,speech.n.01,1
was,O,O,1
good,good.a.01,good.a.01,1
ripped,rip_off.v.01,rip_up.v.01,0
off,O,O,1
have,O,O,1
been,be.v.03,O,0
to,O,O,1
twice,O,O,1
picked,pick_up.v.02,pick.v.02,0
diamond,O,diamond.n.01,0
up,O,O,1
and,O,O,1
looked,look.v.01,look.v.02,0
at,O,O,1
came,come.v.01,come.v.02,0
back,back.r.01,back.n.01,0
at,O,O,1
bedroom,bedroom.n.01,bedroom.n.01,1
is,O,O,1
crawling,crawl.v.03,crawl.v.03,1
with,O,O,1
spiders,spider.n.01,spider.n.01,1
is,O,O,1
very,very.r.01,very.r.01,1
polite,polite.a.01,polite.a.01,1
's,O,O,1
good,good.a.01,good.a.01,1
Maybe,O,O,1
killed,kill.v.01,kill.v.01,1
's,O,O,1
cleaning,clean.v.01,clean_out.v.01,0
book,book.n.01,book.n.02,0
There,O,O,1
are,be.v.03,O,0
plenty,O,O,1
of,O,O,1
fish,fish.n.01,fish.n.01,1
in,O,O,1
river,river.n.01,river.n.01,1
was,O,O,1
praying,pray.v.01,pray.v.01,1
doctor,doctor.n.01,doctor.n.01,1
told,tell.v.02,tell.v.02,1
should,O,O,1
eat,eat.v.01,eat.v.01,1
lot,O,O,1
of,O,O,1
vegetables,vegetable.n.01,vegetable.n.01,1
saw,see.v.01,see.v.01,1
small,small.a.02,small.a.01,0
on,O,O,1
left,left.a.01,leave.v.01,0
knee,knee.n.01,knee.n.01,1
won,win.v.01,win.v.01,1
phone,phone.n.01,phone.n.01,1
am,O,O,1
engaged,engage.v.05,engage.v.05,1
to,O,O,1
was,O,O,1
afraid,afraid.a.01,afraid.a.01,1
is,O,O,1
n't,O,O,1
winning,win.v.01,win.v.01,1
suit,suit.n.01,suit.n.01,1
's,O,O,1
made,make.v.03,make.v.06,0
of,O,O,1
very,very.r.01,very.r.01,1
rough,rough.a.01,rough.a.01,1
material,material.n.01,material.n.01,1
Somebody,person.n.01,person.n.01,1
catch,catch.v.04,catch.v.19,0
man,man.n.01,man.n.01,1
is,O,O,1
amused,amused.a.01,amused.a.01,1
Are,be.v.02,O,0
yours,O,O,1
always,time.n.01,O,0
get,get_up.v.02,get.v.05,0
up,O,O,1
at,O,O,1
in,O,O,1
morning,morning.n.01,morning.n.01,1
price,price.n.02,price.n.02,1
rose,rise.v.02,rise.v.01,0
threw,throw.v.01,throw.v.01,1
rope,rope.n.01,rope.n.01,1
tour,tour.n.01,tour.n.01,1
is,O,O,1
going,O,go.v.01,0
to,O,O,1
be,O,O,1
amazing,amazing.a.01,amazing.s.01,1
can,O,O,1
buy,buy.v.01,buy.v.01,1
stamps,stamp.n.04,cast.n.03,0
at,O,O,1
post~office,post_office.n.01,post_office.n.01,1
's,O,O,1
eyes,eye.n.01,eye.n.01,1
are,O,O,1
red,red.a.01,red.a.01,1
and,O,O,1
looks,look.v.02,look_like.v.01,0
very,very.r.01,very.r.01,1
tired,tired.a.01,tired.a.01,1
's,O,O,1
cooking,cook.v.02,cook.v.01,0
breakfast,breakfast.n.01,breakfast.n.01,1
played,play.v.05,play.v.01,0
on,O,O,1
banks,bank.n.01,banks.n.01,0
of,O,O,1
handed,hand.v.01,hand.v.01,1
glass,glass.n.02,glass.n.02,1
of,O,O,1
red~wine,red_wine.n.01,red_wine.n.01,1
were,O,O,1
right,right.a.05,O,0
There,O,O,1
are,be.v.03,O,0
many,O,O,1
birds,bird.n.01,bird.n.01,1
in,O,O,1
park,park.n.01,park.n.02,0
is,O,O,1
personal,personal.a.01,personal.a.01,1
is,O,O,1
angry,angry.a.01,angry.a.01,1
now,O,O,1
rented,rent.v.03,rent.v.02,0
canoe,canoe.n.01,canoe.n.01,1
did,O,O,1
n't,O,O,1
murder,murder.v.01,murder.n.01,0
anyone,person.n.01,person.n.01,1
am,O,O,1
saving,save_up.v.01,salvage.v.01,0
up,O,O,1
so~that,O,O,1
can,O,O,1
go,go.v.01,go.v.01,1
to,O,O,1
like,like.v.02,like.v.02,1
bright,bright.a.01,bright.a.03,0
colors,color.n.01,colors.n.01,0
agree,agree.v.01,agree.v.01,1
loves,love.v.01,love.v.01,1
tulips,tulip.n.01,tulip.n.01,1
love,love.v.01,love.v.01,1
thick,thick.a.03,thick.a.01,1
creamy,creamy.a.02,creamy.s.01,1
mushroom,mushroom.n.01,mushroom.n.01,1
soup,soup.n.01,soup.n.01,1
honked,honk.v.02,honk.v.01,0
horn,horn.n.11,horn.n.09,0
's,be.v.01,O,0
terrible,terrible.a.02,terrible.a.01,1
driver,driver.n.01,driver.n.01,1
fled,flee.v.01,flee.v.01,1
'm,O,O,1
exhausted,exhausted.a.01,exhausted.a.01,1
conference,conference.n.01,conference.n.01,1
drew,draw.v.26,draw.v.06,0
diplomats,diplomat.n.01,diplomat.n.01,1
loved,love.v.01,love.v.03,0
of,O,O,1
twisted,twist.v.09,twist.v.10,0
truth,truth.n.02,truth.n.01,0
admire,admire.v.01,admire.v.01,1
talent,talent.n.01,endowment.n.01,1
monkey,monkey.n.01,monkey.n.01,1
escaped,escape.v.01,escape.v.01,1
from,O,O,1
cage,cage.n.01,cage.n.01,1
man,man.n.01,man.n.01,1
is,O,O,1
playing,play.v.07,play.v.01,0
flute,flute.n.01,flute.n.01,1
badger,badger.n.02,badger.n.02,1
is,O,O,1
n't,O,O,1
burrowing,burrow.v.01,burrow.v.01,1
hole,hole.n.02,hole.n.01,0
whispered,whisper.v.01,whisper.v.01,1
something,entity.n.01,entity.n.01,1
to,O,O,1
and,O,O,1
smiled,smile.v.02,smile.v.02,1
asked,ask.v.01,ask.v.01,1
if,O,O,1
like,like.v.02,like.v.02,1
mathematics,mathematics.n.01,mathematics.n.01,1
Somebody,person.n.01,person.n.01,1
was,O,O,1
murdered,murder.v.01,murder.v.01,1
Baena~Soares,male.n.02,O,0
was,O,O,1
arrested,arrest.v.01,arrest.v.01,1
by,O,O,1
armed~forces,armed_forces.n.01,O,0
Reform,reform.n.01,reform.n.01,1
allows,allow.v.01,let.v.01,1
home,home.n.02,home.n.01,0
schooling,schooling.n.01,schooling.n.01,1
is,O,O,1
located,located.a.01,located.a.01,1
in,O,O,1
was,O,O,1
torn,tear_down.v.01,tear_down.v.01,1
down,O,O,1
in,O,O,1
Finishing,finish.v.01,complete.v.01,1
job,job.n.02,job.n.01,0
by,O,O,1
will,O,O,1
be,be.v.01,O,0
piece~of~cake,piece_of_cake.n.01,piece_of_cake.n.01,1
smell,smell.n.01,smell.v.01,0
of,O,O,1
lilies,lily.n.01,lily.n.01,1
filled,fill.v.01,fill.v.01,1
room,room.n.01,room.n.01,1
wrote,write.v.01,write.v.01,1
book,book.n.01,book.n.02,0
dog,dog.n.01,dog.n.01,1
is,O,O,1
dying,die.v.01,die.v.06,0
lives,live.v.01,live.v.01,1
in,O,O,1
hospital,hospital.n.01,hospital.n.01,1
has,have.v.02,O,0
lot,O,O,1
of,O,O,1
new,new.a.01,new.a.01,1
equipment,equipment.n.01,equipment.n.01,1
wants,want.v.03,want.v.01,0
money,money.n.01,money.n.01,1
mother~tongue,mother_tongue.n.01,mother_tongue.n.01,1
is,be.v.02,O,0
Japanese,japanese.n.02,country.n.02,0
do,O,O,1
n't,O,O,1
have,have.v.04,O,0
bicycle,bicycle.n.01,bicycle.n.01,1
Where,location.n.01,location.n.01,1
's,be.v.03,O,0
newspaper,newspaper.n.01,newspaper.n.03,0
has,O,O,1
resigned,resign.v.02,resign.v.01,0
Nobody,O,person.n.01,0
can,O,O,1
surpass,surpass.v.02,excel.v.01,0
are,be.v.03,O,0
on,O,O,1
wrong,wrong.a.03,wrong.a.01,0
train,train.n.01,train.n.01,1
wrinkled,wrinkle.v.03,wrinkled.a.02,0
brows,brow.n.02,brow.n.01,0
had,have.v.01,O,0
one,O,person.n.01,0
daughter,daughter.n.01,daughter.n.01,1
postman,postman.n.01,mailman.n.01,1
was,O,O,1
bitten,bite.v.01,bite.v.01,1
by,O,O,1
dog,dog.n.01,dog.n.01,1
'm,O,O,1
pregnant,pregnant.a.01,pregnant.a.01,1
shoes,shoe.n.01,shoe.n.01,1
are,O,O,1
brown,brown.a.01,brown.a.01,1
was,O,O,1
brave,brave.a.01,brave.a.01,1
dog,dog.n.01,dog.n.01,1
is,O,O,1
white,white.a.01,white.a.01,1
designed,design.v.03,design.v.03,1
own,own.a.01,own.v.01,0
clothes,clothes.n.01,clothes.n.01,1
house,house.n.01,house.n.01,1
is,O,O,1
famous,famous.a.01,famous.a.01,1
Is,O,O,1
explanation,explanation.n.01,explanation.n.01,1
clear,clear.a.01,clear.a.01,1
sings,sing.v.02,sing.v.02,1
song,song.n.01,song.n.01,1
bicycle,bicycle.n.01,bicycle.n.01,1
is,be.v.02,O,0
mine,O,O,1
Oscar,animal.n.01,academy_award.n.01,0
was,be.v.02,O,0
mum,mum.n.02,mum.n.02,1
's,O,O,1
dog,dog.n.01,dog.n.01,1
According,according.a.02,according.a.02,1
to,O,O,1
radio,radio.n.01,radio.n.02,0
will,O,O,1
rain,rain.v.01,rain.n.01,0
tomorrow,day.n.03,O,0
'm,O,O,1
so,so.r.01,so.r.01,1
tired,tired.a.01,tired.a.01,1
was,O,O,1
heartbroken,heartbroken.a.01,O,0
is,be.v.02,O,0
's,O,O,1
canary,canary.n.04,fink.n.01,0
thief,thief.n.01,thief.n.01,1
hid,hide.v.01,hide.v.02,0
in,O,O,1
dark,dark.a.01,dark.a.10,0
doorway,doorway.n.01,doorway.n.01,1
love,love.v.03,love.v.01,0
How,O,O,1
much,O,O,1
does,O,O,1
tie,tie.n.01,tie.n.01,1
cost,cost.v.01,cost.v.01,1
based,based.a.02,based.a.02,1
Conservation~Corporation,company.n.01,O,0
threatens,threaten.v.01,endanger.v.01,1
local,local.a.02,local.a.01,1
population,population.n.02,population.n.01,0
Approximately,O,O,1
farmers,farmer.n.01,farmer.n.01,1
were,O,O,1
disowned,disown.v.02,disinherit.v.01,0
during,O,O,1
agricultural,agricultural.a.02,agricultural.a.01,0
reform,reform.n.01,reform.n.01,1
HBV~Union,alliance.n.03,O,0
Austrian,country.n.02,country.n.02,1
job,job.n.01,job.n.01,1
market,market.n.01,market.n.05,0
is,O,O,1
also,O,O,1
improving,improve.v.02,better.v.02,0
How,O,O,1
was,O,O,1
founded,found.v.01,found.v.01,1
Which,entity.n.01,entity.n.01,1
state,state.n.01,state.n.01,1
has,have.v.02,O,0
longest,long.a.02,long.a.02,1
coastline,coastline.n.01,coastline.n.01,1
on,O,O,1
is,be.v.02,O,0
most,most.r.01,most.r.01,1
famous,famous.a.01,famous.a.01,1
international,international.a.01,international.a.01,1
terrorist,terrorist.n.01,terrorist.n.01,1
How,O,O,1
tall,tall.a.01,tall.a.01,1
is,O,O,1
Matterhorn,mountain.n.01,O,0
How,O,O,1
many,O,O,1
inhabitants,inhabitant.n.01,inhabitant.n.01,1
does,O,O,1
have,have.v.02,O,0
wo,O,O,1
n't,O,O,1
speak,speak.v.02,speak.v.03,0
to,O,O,1
am,O,O,1
acquainted,acquainted.a.01,acquainted.a.01,1
with,O,O,1
need,need.v.01,need.v.02,0
to,O,O,1
buy,buy.v.01,buy.v.01,1
one,entity.n.01,person.n.01,0
think,think.v.01,think.v.01,1
is,O,O,1
outgoing,outgoing.a.03,outgoing.a.03,1
saw,see.v.03,see.v.01,0
everything,entity.n.01,entity.n.01,1
am,O,O,1
not,O,O,1
have,have.v.01,O,0
electric~guitar,electric_guitar.n.01,electric_guitar.n.01,1
pilot,pilot.n.01,pilot.n.01,1
raced,race.v.02,rush.v.01,0
for,O,O,1
from,O,O,1
to,O,O,1
hates,hate.v.01,hate.v.01,1
parties,party.n.04,party.n.04,1
owe,owe.v.03,owe.v.03,1
dollars,dollar.n.01,dollar.n.01,1
is,O,O,1
exceptional,exceptional.a.01,exceptional.a.01,1
is,O,O,1
putting,put.v.01,put.v.01,1
children,child.n.01,child.n.02,0
to,O,O,1
bed,bed.n.01,bed.n.01,1
spent,spend.v.02,spend.v.01,0
more~than,O,O,1
three,O,O,1
dollars,dollar.n.01,dollar.n.01,1
father,father.n.01,father.n.01,1
's,be.v.03,O,0
in,O,O,1
garden,garden.n.03,garden.n.01,0
Two,O,O,1
years,year.n.01,year.n.01,1
ago,O,O,1
went,go.v.01,go.v.01,1
to,O,O,1
dove,dove.n.01,dive.v.02,0
symbolizes,symbolize.v.01,typify.v.02,1
peace,peace.n.03,peace.n.01,0
is,O,O,1
extremely,extremely.r.02,extremely.r.02,1
strong,strong.a.01,strong.a.01,1
puts,put.v.01,put.v.01,1
stevia,stevia.n.01,stevia.n.01,1
in,O,O,1
coffee,coffee.n.01,coffee.n.01,1
instead,O,O,1
of,O,O,1
sugar,sugar.n.01,sugar.n.01,1
wiped,wipe.v.01,wipe.v.01,1
sweat,sweat.n.01,sweat.n.01,1
from,O,O,1
forehead,forehead.n.01,forehead.n.01,1
Which,entity.n.01,entity.n.01,1
suitcases,suitcase.n.01,suitcase.n.01,1
are,be.v.02,O,0
's,suitcase.n.01,O,0
There,O,O,1
is,be.v.03,O,0
yogurt,yogurt.n.01,yogurt.n.01,1
in,O,O,1
refrigerator,refrigerator.n.01,refrigerator.n.01,1
Someone,person.n.01,person.n.01,1
has,O,O,1
given,give.v.01,give_out.v.02,0
cold,cold.n.01,cold.n.01,1
's,be.v.03,O,0
favorite,favorite.a.02,favorite.a.02,1
cartoon,cartoon.n.01,cartoon.n.01,1
rolled,roll_over.v.01,roll.v.01,0
over,O,O,1
in,O,O,1
bed,bed.n.01,bed.n.01,1
handed,hand.v.01,hand.v.01,1
money,money.n.01,money.n.01,1
owed,owe.v.01,owe.v.03,0
was,O,O,1
born,bear.v.02,bear.v.02,1
on,O,O,1
too,O,O,1
am,O,O,1
worried,worried.a.01,worried.a.01,1
about,O,O,1
wine,wine.n.01,wine.n.01,1
's,O,O,1
very,very.r.01,very.r.01,1
intoxicating,intoxicating.a.02,intoxicant.s.01,1
loves,love.v.01,love.v.01,1
chocolate~cake,chocolate_cake.n.01,chocolate_cake.n.01,1
is,O,O,1
very,O,very.r.01,0
naive,naive.a.01,naive.a.01,1
n't,O,O,1
saw,see.v.08,see.v.01,0
week,week.n.01,week.n.01,1
ago,O,O,1
father,father.n.01,father.n.01,1
was,be.v.08,O,0
engineer,engineer.n.01,engineer.n.01,1
am,O,O,1
taller,tall.a.01,tall.a.01,1
'm,O,O,1
athletic,athletic.a.01,athletic.a.01,1
idolized,idolize.v.01,idolize.v.01,1
There,O,O,1
are,be.v.03,O,0
number,O,number.n.04,0
of,O,O,1
movie~theaters,movie_theater.n.01,O,0
in,O,O,1
city,city.n.01,city.n.01,1
made,make.v.15,make.v.06,0
supper,supper.n.01,supper.n.01,1
Maybe,O,O,1
is,O,O,1
Italian,country.n.02,country.n.02,1
or,O,O,1
Spanish,country.n.02,spanish.n.01,0
forgot,forget.v.02,forget.v.04,0
password,password.n.01,password.n.01,1
matters,matter.v.01,matter.v.01,1
to,O,O,1
news,news.n.01,news.n.01,1
is,O,O,1
official,official.a.01,official.a.01,1
have,have.v.01,O,0
eight,O,O,1
brothers,brother.n.01,brother.n.01,1
adore,adore.v.01,adore.v.01,1
elephants,elephant.n.01,elephant.n.01,1
has,have.v.01,O,0
nice,nice.a.01,nice.a.01,1
legs,leg.n.01,leg.n.01,1
can,O,O,1
not,O,O,1
speak,speak.v.03,speak.v.03,1
German,german.n.02,country.n.02,0
expect,expect.v.01,expect.v.01,1
will,O,O,1
pass,pass.v.14,pass.v.01,0
examination,examination.n.02,examination.n.01,0
Many,O,O,1
are,O,O,1
interested,interested.a.01,interested.a.01,1
in,O,O,1
culture,culture.n.02,culture.n.01,0
bought,buy.v.01,buy.v.01,1
new,new.a.05,new.a.01,0
dictionary,dictionary.n.01,dictionary.n.01,1
did,O,O,1
defeat,defeat.v.01,defeat.n.01,0
'm,O,O,1
disgusted,disgusted.a.01,disgust.v.01,0
never,O,O,1
saw,see.v.01,see.v.01,1
insulin,insulin.n.01,insulin.n.01,1
was,O,O,1
making,make.v.02,make.v.01,0
fat,fat.a.01,fat.a.01,1
want,want.v.01,want.v.01,1
divorce,divorce.n.01,divorce.n.01,1
want,want.v.01,want.v.01,1
bag,bag.n.01,bag.n.01,1
Let,O,O,1
's,O,O,1
play,play.v.01,play.v.01,1
baseball,baseball.n.01,baseball.n.01,1
told,tell.v.03,tell.v.02,0
everything,entity.n.01,entity.n.01,1
will,O,O,1
make,make.v.16,make.v.01,0
note,note.n.01,note.n.01,1
in,O,O,1
notebook,notebook.n.01,notebook.n.02,0
have,O,O,1
not,O,O,1
eaten,eat.v.01,eat.v.01,1
poisonous,poisonous.a.02,poisonous.a.01,1
mushrooms,mushroom.n.01,mushroom.n.02,0
imbecile,imbecile.n.01,idiot.n.01,1
has,have.v.02,O,0
sharp,sharp.a.02,sharp.a.08,0
teeth,tooth.n.01,tooth.n.01,1
forgot,forget.v.04,forget.v.04,1
pen,pen.n.01,pen.n.01,1
're,O,O,1
silly,silly.a.01,silly.a.01,1
wonder,wonder.v.01,wonder.v.01,1
if,O,O,1
milk,milk.n.01,milk.n.01,1
is,O,O,1
still,O,O,1
good,good.a.20,good.a.01,0
accept,accept.v.02,accept.v.03,0
offer,O,offer.n.02,0
am,O,O,1
intelligent,intelligent.a.01,intelligent.a.01,1
's,O,O,1
humiliating,humiliating.a.01,O,0
quit,quit.v.02,quit.v.01,0
loves,love.v.01,love.v.01,1
animals,animal.n.01,animal.n.01,1
drank,drink.v.01,drink.v.01,1
potion,potion.n.01,potion.n.01,1
called,call.v.02,call.v.01,0
pirate,pirate.n.02,plagiarist.n.01,0
skipped,skip.v.02,jump.v.13,0
breakfast,breakfast.n.01,breakfast.n.01,1
're,O,O,1
disposable,disposable.a.02,disposable.a.01,1
eggs,egg.n.01,egg.n.02,0
are,be.v.03,O,0
in,O,O,1
basket,basket.n.01,basket.n.01,1
may,O,O,1
have,O,O,1
met,meet.v.01,meet.v.01,1
somewhere,location.n.01,location.n.01,1
One,person.n.01,O,0
can,O,O,1
not,O,O,1
communicate,communicate.v.01,communicate.v.01,1
're,O,O,1
wise,wise.a.01,wise.a.01,1
is,O,O,1
angry,angry.a.01,angry.a.01,1
n't,O,O,1
is,be.v.02,O,0
's,O,O,1
stepson,stepson.n.01,stepson.n.01,1
put,put.v.01,put.v.01,1
old,old.a.02,old.a.01,1
computer,computer.n.01,computer.n.01,1
in,O,O,1
cellar,cellar.n.01,cellar.n.01,1
submarine,submarine.n.01,submarine.n.01,1
hid,hide.v.02,hide.v.02,1
in,O,O,1
depths,depth.n.01,depth.n.01,1
of,O,O,1
ocean,ocean.n.01,ocean.n.01,1
's,be.v.01,O,0
very,very.r.01,very.r.01,1
talented,talented.a.01,talented.a.01,1
man,man.n.01,man.n.01,1
can,O,O,1
prove,prove.v.02,prove.v.01,0
to,O,O,1
was,O,O,1
dazzled,dazzle.v.02,dazzle.v.02,1
by,O,O,1
beauty,beauty.n.01,beauty.n.01,1
monkey,monkey.n.01,monkey.n.01,1
climbed,climb_up.v.01,climb.v.01,1
up,O,O,1
tree,tree.n.01,tree.n.01,1
captured,capture.v.03,capture.v.03,1
cicadas,cicada.n.01,cicada.n.01,1
with,O,O,1
net,net.n.02,net.n.02,1
'll,O,O,1
buy,buy.v.01,buy.v.01,1
pencil,pencil.n.01,pencil.n.01,1
is,be.v.02,O,0
fashion,fashion.n.03,fashion.n.03,1
junkie,junkie.n.02,drug_addict.n.01,0
put,put.v.01,put.v.01,1
pistol,pistol.n.01,pistol.n.01,1
under,O,O,1
pillow,pillow.n.01,pillow.n.01,1
son,son.n.01,son.n.01,1
is,O,O,1
playing,play.v.05,play.v.01,0
in,O,O,1
rain,rain.n.01,rain.n.01,1
was,O,O,1
unarmed,unarmed.a.01,unarmed.a.01,1
tower,tower.n.01,tower.n.01,1
is,O,O,1
fifteen,O,O,1
metres,metre.n.01,meter.n.02,0
high,high.a.02,high.a.02,1
tires,tire.n.01,tire.n.01,1
are,O,O,1
very,very.r.01,very.r.01,1
sticky,sticky.a.01,sticky.a.01,1
put,put_in.v.05,put.v.01,0
in,O,O,1
for,O,O,1
raise,raise.n.01,raise.n.01,1
eagle,eagle.n.01,eagle.n.01,1
is,O,O,1
white,white.a.01,white.a.01,1
's,O,O,1
third,O,O,1
was,O,O,1
killed,kill.v.01,kill.v.01,1
by,O,O,1
land~mine,land_mine.n.01,O,0
wo,O,O,1
n't,O,O,1
play,play.v.01,play.v.01,1
because,O,O,1
've,O,O,1
twisted,twist.v.10,twist.v.10,1
ankle,ankle.n.01,ankle.n.01,1
hate,hate.v.01,hate.v.01,1
birthday~parties,birthday_party.n.01,O,0
's,O,O,1
father,father.n.01,father.n.01,1
works,work.v.02,work.v.02,1
in,O,O,1
car~factory,car_factory.n.01,O,0
medicine,medicine.n.02,medicine.n.02,1
did,O,O,1
n't,O,O,1
help,help.v.02,help.v.01,0
at~all,O,O,1
wore,wear.v.01,wear.v.01,1
Hawaiian,island.n.01,hawaiian.n.01,0
shirt,shirt.n.01,shirt.n.01,1
must,O,O,1
n't,O,O,1
throw,throw.v.03,throw.v.01,0
litter,litter.n.02,O,0
in,O,O,1
street,street.n.01,street.n.01,1
Where,location.n.01,location.n.01,1
does,O,O,1
grandfather,grandfather.n.01,grandfather.n.01,1
live,live.v.01,live.v.01,1
horses,horse.n.01,horse.n.01,1
are,be.v.02,O,0
's,O,O,1
made,make.v.20,make.v.06,0
secretary,secretary.n.02,secretary.n.02,1
devoted,devote.v.01,devote.v.01,1
life,life.n.03,life.n.03,1
to,O,O,1
company,company.n.01,company.n.01,1
is,O,O,1
working,work.v.02,work.v.02,1
in,O,O,1
field,field.n.04,field.n.01,0
of,O,O,1
biology,biology.n.01,biology.n.01,1
might,O,O,1
be,O,O,1
busy,busy.a.01,busy.a.01,1
grew,grow_up.v.01,grow_up.v.01,1
up,O,O,1
in,O,O,1
small,small.a.01,small.a.01,1
town,town.n.01,town.n.01,1
deposited,deposit.v.02,lodge.v.02,0
money,money.n.01,money.n.01,1
in,O,O,1
bank,bank.n.02,bank.n.02,1
has,have.v.04,O,0
boat,boat.n.01,boat.n.01,1
Wolves,wolf.n.01,wolf.n.01,1
stalked,stalk.v.02,stalk.v.01,0
flock,flock.n.05,flock.n.01,0
day,day.n.01,day.n.01,1
was,O,O,1
exhausting,exhausting.a.01,exhaust.v.01,0
'm,O,O,1
buying,buy.v.01,buy.v.01,1
fruit,fruit.n.01,fruit.n.01,1
and,O,O,1
chocolate,chocolate.n.02,chocolate.n.02,1
walked,walk.v.01,walk.v.01,1
into,O,O,1
's,O,O,1
room,room.n.01,room.n.01,1
Yesterday,O,O,1
was,O,O,1
ill,ill.a.01,ill.a.01,1
dog,dog.n.01,dog.n.01,1
is,O,O,1
red,red.a.01,red.a.01,1
marched,march.v.03,march.v.01,0
two,O,O,1
abreast,abreast.r.01,abreast.r.01,1
city,city.n.01,city.n.01,1
walls,wall.n.01,wall.n.01,1
are,O,O,1
so,so.r.01,so.r.01,1
beautiful,beautiful.a.01,beautiful.a.01,1
ordered,order.v.02,order.v.02,1
book,book.n.02,book.n.02,1
from,O,O,1
How,O,O,1
many,O,O,1
magazines,magazine.n.02,magazine.n.02,1
are,be.v.03,O,0
on,O,O,1
desk,desk.n.01,desk.n.01,1
have,O,O,1
to,O,O,1
go,go.v.01,go.v.01,1
school,school.n.02,school.n.02,1
should,O,O,1
break,break_up.v.02,break.v.06,0
up,O,O,1
wanted,want.v.01,want.v.01,1
to,O,O,1
run,run_away.v.01,run_over.v.01,0
away,O,O,1
with,O,O,1
road,road.n.01,road.n.01,1
is,O,O,1
n't,O,O,1
very,very.r.01,very.r.01,1
safe,safe.a.01,safe.a.01,1
one,person.n.01,person.n.01,1
expected,expect.v.01,expect.v.01,1
to,O,O,1
win,win.v.01,win.v.01,1
was,O,O,1
very,very.r.01,very.r.01,1
selfish,selfish.a.01,selfish.a.01,1
walked,walk.v.01,walk.v.01,1
along,O,O,1
river,river.n.01,river.n.01,1
is,O,O,1
suffering,suffer.v.02,suffer.v.02,1
from,O,O,1
cold,cold.n.01,cold.n.01,1
suspected,suspect.v.01,suspect.v.01,1
father,father.n.01,father.n.01,1
was,O,O,1
dyslexic,dyslexic.a.01,O,0
'm,O,O,1
in~love,in_love.a.01,in_love.a.01,1
with,O,O,1
furnished,furnish.v.01,supply.v.01,1
library,library.n.01,library.n.03,0
with,O,O,1
new,new.a.01,new.a.01,1
books,book.n.02,book.n.02,1
one,person.n.01,person.n.01,1
was,O,O,1
alive,alive.a.01,alive.a.01,1
offered,offer.v.02,offer.v.02,1
to,O,O,1
lend,lend.v.02,lend.v.02,1
money,money.n.01,money.n.01,1
work,work.v.02,work.v.02,1
at,O,O,1
post~office,post_office.n.01,post_office.n.01,1
one,person.n.01,person.n.01,1
is,O,O,1
perfect,perfect.a.01,perfect.a.01,1
apple,apple.n.01,apple.n.01,1
is,O,O,1
bruised,bruise.v.04,bruise.v.01,0
was,O,O,1
hiding,hide.v.01,hide.v.02,0
behind,O,O,1
tree,tree.n.01,tree.n.01,1
went,go.v.01,go.v.01,1
to,O,O,1
theater,theater.n.01,theater.n.01,1
with,O,O,1
're,O,O,1
kidding,kid.v.02,kid.v.01,0
young,young.a.01,young.a.01,1
boy,boy.n.01,boy.n.01,1
helped,help.v.01,help.v.01,1
old,old.a.01,old.a.01,1
woman,woman.n.01,woman.n.01,1
letdown,letdown.n.01,disappointment.n.01,1
Lungs,lung.n.01,lung.n.01,1
heart,heart.n.02,heart.n.02,1
veins,vein.n.01,vein.n.01,1
arteries,artery.n.01,artery.n.01,1
and,O,O,1
capillaries,capillary.n.02,capillary.n.01,0
form,form.v.02,form.v.01,0
cardiovascular~system,cardiovascular_system.n.01,O,0
pessimism,pessimism.n.01,pessimism.n.01,1
journeys,journey.n.01,journey.n.01,1
begin,begin.v.01,get_down.v.07,1
with,O,O,1
first~step,first_step.n.01,first_step.n.01,1
burns,burn.v.04,burns.n.01,0
month,month.n.01,month.n.02,0
is,be.v.01,O,0
welcomed,O,welcome.v.01,0
old,old.a.02,old.a.01,1
political,political.a.01,political.a.01,1
opponent,O,opponent.n.01,0
There,O,O,1
is,O,O,1
little,little.a.03,little.a.03,1
boy,boy.n.01,boy.n.01,1
walking,walk.v.01,walk.v.01,1
with,O,O,1
dog,dog.n.01,dog.n.01,1
are,O,O,1
fresh,fresh.a.01,fresh.a.01,1
is,O,O,1
listening,listen.v.01,listen.v.02,0
to,O,O,1
is,be.v.02,O,0
n't,O,O,1
father,father.n.01,father.n.01,1
Everything,entity.n.01,entity.n.01,1
is,O,O,1
all~right,all_right.a.01,all_right.a.01,1
now,O,O,1
Try,try.v.01,try.v.01,1
hard,hard.r.01,hard.a.01,0
hates,hate.v.01,hate.v.01,1
is,O,O,1
all~right,all_right.a.01,all_right.a.01,1
now,O,O,1
Maybe,O,O,1
was,O,O,1
right,right.a.02,O,0
will,O,O,1
meet,meet.v.02,meet.v.02,1
at,O,O,1
station,station.n.01,station.n.01,1
Is,O,O,1
retired,retired.a.01,retired.a.01,1
favorite,favorite.a.02,favorite.a.02,1
German,country.n.02,country.n.02,1
band,band.n.02,band.n.05,0
is,be.v.02,O,0
news,news.n.04,news.n.01,0
spread,spread.v.06,spread.v.09,0
fast,fast.r.01,fast.a.02,0
restaurant,restaurant.n.01,restaurant.n.01,1
is,O,O,1
less,O,O,1
expensive,expensive.a.01,expensive.a.01,1
're,O,O,1
taunting,taunt.v.01,tease.v.02,1
policeman,policeman.n.01,policeman.n.01,1
was,O,O,1
off,off.a.01,O,0
duty,duty.n.02,duty.n.02,1
's,O,O,1
cool,cool.a.06,cool.a.02,1
're,O,O,1
older,old.a.01,old.a.01,1
than,O,O,1
sharpened,sharpen.v.01,sharpen.v.01,1
knife,knife.n.01,knife.n.01,1
're,O,O,1
terrible,terrible.a.02,terrible.a.01,1
underestimated,underestimate.v.03,undervalue.v.01,0
disturbs,disturb.v.01,disturb.v.01,1
Oil,oil.v.01,oil.n.01,0
bicycle,bicycle.n.01,bicycle.n.01,1
'm,O,O,1
game,game.a.02,game.n.01,0
's,O,O,1
smiling,smile.v.01,smile.v.01,1
disappeared,disappear.v.01,disappear.v.01,1
again,O,O,1
got,O,O,1
dressed,dress.v.01,dress.v.01,1
love,love.v.01,love.v.01,1
hamburgers,hamburger.n.01,hamburger.n.01,1
am,O,O,1
horrified,horrified.a.01,dismay.v.02,0
's,O,O,1
cleaning,clean_out.v.01,clean_out.v.01,1
out,O,O,1
closet,closet.n.03,closet.n.01,0
is,O,O,1
swimming,swim.v.01,swim.v.01,1
in,O,O,1
river,river.n.01,river.n.01,1
stared,stare.v.01,stare.v.01,1
at,O,O,1
suspiciously,suspiciously.r.01,suspiciously.r.01,1
am,O,O,1
not,O,O,1
like,like.a.01,like.v.02,0
Push,push.v.02,push.v.01,0
button,button.n.07,button.n.02,0
abhor,abhor.v.01,abhor.v.01,1
spiders,spider.n.01,spider.n.01,1
arrived,arrive.v.01,arrive.v.01,1
at,O,O,1
concurred,concur.v.01,agree.v.01,1
's,O,O,1
eleven,O,O,1
and,O,O,1
not,O,O,1
coming,come.v.02,come.v.02,1
likes,like.v.02,like.v.02,1
coffee,coffee.n.01,coffee.n.01,1
black,black.a.13,black.a.01,0
scored,score.v.01,score.v.01,1
three,O,O,1
goals,goal.n.04,goal.n.04,1
's,O,O,1
vibrating,vibrate.v.01,vibrate.v.01,1
looks,look.v.02,look_like.v.01,0
hesitant,hesitant.a.01,O,0
cared,care.v.02,care.v.01,0
for,O,O,1
sick,sick.a.01,sick.a.01,1
mother,mother.n.01,mother.n.01,1
darkens,darken.v.03,darken.v.01,0
room,room.n.01,room.n.01,1
squeezed,squeeze.v.01,squeeze.v.01,1
orange~juice,orange_juice.n.01,orange_juice.n.01,1
forgave,forgive.v.01,forgive.v.01,1
insulted,O,insult.v.01,0
found,find.v.01,find.v.01,1
under,O,O,1
bed,bed.n.01,bed.n.01,1
Grow,grow_up.v.01,turn.v.07,0
up,O,O,1
will,O,O,1
help,help.v.01,help.v.01,1
is,O,O,1
bilingual,bilingual.a.01,bilingual.a.01,1
dialed,dial.v.02,dial.v.02,1
wrong,wrong.a.01,wrong.a.01,1
number,number.n.04,number.n.04,1
found,find.v.03,find.v.01,0
one,entity.n.01,person.n.01,0
should,O,O,1
organize,organize.v.01,form.v.01,1
search~party,search_party.n.01,O,0
Read,read.v.01,read.v.01,1
was,O,O,1
arrested,arrest.v.01,arrest.v.01,1
by,O,O,1
police,police.n.01,police.n.01,1
Give,give.v.03,give.v.03,1
book,book.n.02,book.n.02,1
to,O,O,1
'm,O,O,1
illiterate,illiterate.a.01,illiterate.a.01,1
company,company.n.01,company.n.01,1
spends,spend.v.02,spend.v.02,1
lot,O,O,1
of,O,O,1
money,money.n.01,money.n.01,1
on,O,O,1
advertising,advertising.n.02,ad.n.01,0
demand,demand.v.01,demand.v.01,1
refund,refund.n.01,refund.n.01,1
can,O,O,1
not,O,O,1
swim,O,swim.v.01,0
at~all,O,O,1
knew,know.v.01,know.v.01,1
something,entity.n.01,entity.n.01,1
mashed,mash.v.03,squash.v.01,0
potatoes,potato.n.01,potato.n.01,1
with,O,O,1
large,large.a.01,large.a.01,1
fork,fork.n.01,fork.n.01,1
soccer~ball,soccer_ball.n.01,soccer_ball.n.01,1
is,O,O,1
rolling,roll.v.01,roll.v.01,1
into,O,O,1
goal,goal.n.03,goal.n.04,0
net,net.n.04,net.n.02,0
is,O,O,1
more,O,O,1
famous,famous.a.01,famous.a.01,1
than,O,O,1
am,O,O,1
playing,play.v.07,play.v.01,0
committee,committee.n.01,committee.n.01,1
is,O,O,1
composed,compose.v.01,compose.v.02,0
of,O,O,1
three,O,O,1
men,man.n.01,man.n.01,1
and,O,O,1
seven,O,O,1
women,woman.n.01,woman.n.01,1
lived,live.v.01,live.v.01,1
from,O,O,1
to,O,O,1
Senacal,female.n.02,O,0
resides,reside.v.01,O,0
in,O,O,1
Dinosaur,dinosaur.n.01,dinosaur.n.01,1
remains,remains.n.01,remain.v.01,0
were,O,O,1
found,find.v.01,find.v.01,1
in,O,O,1
But,O,O,1
universe,universe.n.01,universe.n.01,1
is,O,O,1
infinite,infinite.a.01,infinite.a.01,1
can,O,O,1
speak,speak.v.03,speak.v.03,1
Japanese,japanese.n.02,country.n.02,0
is,be.v.01,O,0
famous,famous.a.01,famous.a.01,1
artist,artist.n.01,artist.n.01,1
borders,border.v.05,border_on.v.01,0
on,O,O,1
is,be.v.02,O,0
end,end.n.03,end.n.01,0
of,O,O,1
story,story.n.01,story.n.01,1
box,box.n.01,box.n.01,1
is,O,O,1
not,O,O,1
as,O,O,1
big,big.a.01,big.a.01,1
one,box.n.01,person.n.01,0
carpets,carpet.n.01,rug.n.01,1
are,O,O,1
especially,especially.r.01,especially.r.01,1
valuable,valuable.a.01,valuable.a.01,1
telephone,telephone.n.01,telephone.n.01,1
rang,ring.v.01,ring.v.01,1
repeatedly,O,repeatedly.r.01,0
drank,drink.v.01,drink.v.01,1
three,O,O,1
bottles,bottle.n.02,bottle.n.02,1
of,O,O,1
beer,beer.n.01,beer.n.01,1
think,think.v.01,think.v.01,1
is,O,O,1
honest,honest.a.01,honest.a.01,1
grew,grow.v.07,grow_up.v.01,0
roses,rose.n.01,rose.n.01,1
wind,wind.n.01,wind.n.01,1
is,O,O,1
blowing,blow.v.02,blow.v.02,1
needs,need.v.02,need.v.01,0
umbrella,umbrella.n.01,umbrella.n.01,1
television,television.n.03,television.n.03,1
is,O,O,1
not,O,O,1
working,work.v.04,work.v.02,0
is,be.v.01,O,0
island,island.n.01,island.n.01,1
Do,O,O,1
speak,speak.v.03,speak.v.03,1
have,O,O,1
drunk,drink.v.01,drunk.a.01,0
two,O,O,1
bottles,bottle.n.02,bottle.n.02,1
of,O,O,1
wine,wine.n.01,wine.n.01,1
'm,be.v.01,O,0
foreigner,foreigner.n.01,foreigner.n.01,1
stole,steal.v.01,steal.v.01,1
money,money.n.01,money.n.01,1
from,O,O,1
was,O,O,1
furious,furious.a.02,ferocious.s.01,1
'm,O,O,1
very,very.r.01,very.r.01,1
short,short.a.02,short.a.04,0
Where,location.n.01,location.n.01,1
did,O,O,1
see,see.v.01,see.v.01,1
boy,boy.n.01,boy.n.01,1
Let,O,O,1
develop,develop.v.01,develop.v.01,1
people,person.n.01,person.n.01,1
are,O,O,1
currently,O,O,1
employed,employ.v.02,employ.v.01,0
at,O,O,1
industrial~park,industrial_park.n.01,O,0
Chinese,country.n.02,country.n.02,1
leadership,leadership.n.02,leadership.n.01,0
has,O,O,1
called,call_on.v.01,call.v.01,0
on,O,O,1
German,country.n.02,country.n.02,1
business,business.n.02,business.n.01,0
to,O,O,1
interfere,interfere.v.01,interfere.v.01,1
with,O,O,1
government,government.n.01,government.n.01,1
's,O,O,1
policy,policy.n.01,policy.n.01,1
makes,make.v.06,make.v.24,0
refrigerators,refrigerator.n.01,refrigerator.n.01,1
year,time.n.08,year.n.01,0
did,O,O,1
sink,sink.v.04,sink.n.01,0
Where,location.n.01,location.n.01,1
is,be.v.03,O,0
How,O,O,1
many,O,O,1
time~zones,time_zone.n.01,O,0
are,be.v.03,O,0
there,O,O,1
in,O,O,1
world,world.n.04,world.n.04,1
is,be.v.02,O,0
longest,long.a.02,long.a.02,1
river,river.n.01,river.n.01,1
in,O,O,1
world,world.n.04,world.n.04,1
married,marry.v.01,marry.v.01,1
sister,sister.n.01,sister.n.01,1
How,O,O,1
long,long.a.02,long.a.02,1
is,O,O,1
blade,blade.n.04,blade.n.01,0
lies,lie.v.05,lie.v.01,0
is,O,O,1
Japanese,country.n.02,country.n.02,1
works,work.v.04,work.v.02,0
was,O,O,1
swimming,swim.v.01,swim.v.01,1
None,entity.n.01,entity.n.01,1
of,O,O,1
children,child.n.01,child.n.02,0
are,O,O,1
sitting,sit.v.01,sit.v.01,1
sharpened,sharpen.v.01,sharpen.v.01,1
pencil,pencil.n.01,pencil.n.01,1
with,O,O,1
knife,knife.n.01,knife.n.01,1
talked,talk.v.02,talk.v.01,0
Loosen,loosen.v.01,loosen.v.01,1
is,O,O,1
playing,play.v.01,play.v.01,1
poker,poker.n.02,poker.n.01,0
with,O,O,1
friends,friend.n.01,friend.n.01,1
There,O,O,1
are,be.v.03,O,0
lot,O,O,1
of,O,O,1
breweries,brewery.n.01,brewery.n.01,1
in,O,O,1
is,be.v.08,O,0
philosopher,philosopher.n.01,philosopher.n.01,1
n't,O,O,1
'll,O,O,1
meet,meet.v.02,meet.v.02,1
at,O,O,1
station,station.n.01,station.n.01,1
nine~o'clock,O,O,1
love,love.v.01,love.v.01,1
books,book.n.01,book.n.02,0
is,be.v.08,O,0
not,O,O,1
nurse,nurse.n.01,nurse.n.01,1
but,O,O,1
doctor,doctor.n.01,doctor.n.01,1
Ah,O,O,1
'll,O,O,1
drive,drive.v.01,drive.v.01,1
swam,swim.v.01,swim.v.01,1
across,O,O,1
river,river.n.01,river.n.01,1
looked,look.v.02,look.v.02,1
like,O,like.v.02,0
was,O,O,1
healthy,healthy.a.01,healthy.a.01,1
and,O,O,1
laughed,laugh.v.01,laugh.v.01,1
love,love.v.03,love.v.01,0
was,O,O,1
not,O,O,1
lonely,lonely.a.01,lonely.a.01,1
'm,O,O,1
careful,careful.a.01,careful.a.01,1
handed,hand.v.01,hand.v.01,1
cigarette,cigarette.n.01,cigarette.n.01,1
to,O,O,1
are,O,O,1
not,O,O,1
at~all,O,O,1
interested,interested.a.01,interested.a.01,1
escaped,escape.v.01,escape.v.01,1
author,author.n.01,author.n.01,1
suffers,suffer.v.02,suffer.v.02,1
from,O,O,1
writer's~block,writer's_block.n.01,O,0
from~time~to~time,from_time_to_time.r.01,from_time_to_time.r.01,1
secret,secret.n.01,secret.a.06,0
leaked,leak_out.v.01,leak.v.01,0
out,O,O,1
tripped,trip.v.01,stumble.v.02,1
on,O,O,1
something,entity.n.01,entity.n.01,1
was,O,O,1
dazzled,dazzle.v.02,dazzle.v.02,1
raises,raise.v.05,raise.v.01,0
Arabian,arabian.n.02,arabian.a.01,0
horses,horse.n.01,horse.n.01,1
owners,owner.n.01,owner.n.01,1
appointed,appoint.v.02,appoint.v.02,1
manager,manager.n.01,manager.n.01,1
's,O,O,1
survived,survive.v.01,survive.v.01,1
like,like.v.02,like.v.02,1
kind,entity.n.01,entity.n.01,1
of,O,O,1
apple,apple.n.01,apple.n.01,1
sucks,suck.v.04,suck.v.04,1
is,be.v.01,O,0
message,message.n.01,message.n.01,1
for,O,O,1
stopped,stop.v.02,stop.v.02,1
reading,read.v.01,read.v.01,1
car,car.n.01,car.n.01,1
bumped,bump.v.01,bump_into.v.01,0
tree,tree.n.01,tree.n.01,1
lives,live.v.01,live.v.01,1
in,O,O,1
bus~driver,bus_driver.n.01,O,0
was,O,O,1
drunk,drunk.a.01,drunk.a.01,1
sleeping,sleep_with.v.01,sleep.v.01,0
with,O,O,1
suitcase,suitcase.n.01,suitcase.n.01,1
was,be.v.02,O,0
n't,O,O,1
mine,O,O,1
poet,poet.n.01,poet.n.01,1
wrote,write.v.01,write.v.01,1
many,O,O,1
poems,poem.n.01,poem.n.01,1
Where,location.n.01,location.n.01,1
did,O,O,1
put,put.v.01,put.v.01,1
umbrella,umbrella.n.01,umbrella.n.01,1
Hundreds,O,hundred.n.01,0
of,O,O,1
people,person.n.01,person.n.01,1
were,O,O,1
killed,kill.v.01,kill.v.01,1
tiger~cub,tiger_cub.n.01,O,0
looked,look_like.v.01,look.v.02,0
like,O,like.v.02,0
large,large.a.01,large.a.01,1
kitten,kitten.n.01,kitten.n.01,1
joined,join.v.01,join.v.01,1
army,army.n.01,army.n.01,1
when,O,O,1
was,O,O,1
eighteen,O,O,1
consulted,consult.v.01,consult.v.01,1
about,O,O,1
problem,problem.n.01,problem.n.02,0
's,O,O,1
never,O,O,1
been,be.v.03,O,0
to,O,O,1
somebody,person.n.01,person.n.01,1
hear,hear.v.01,hear.v.01,1
something,entity.n.01,entity.n.01,1
comment,comment.n.01,remark.n.01,1
is,O,O,1
crying,cry.v.02,cry.v.02,1
too,O,O,1
printed,print.v.03,print.v.01,0
out,O,O,1
page,page.n.01,page.n.01,1
'm,O,O,1
fed,fed_up.a.01,fed_up.a.01,1
up,O,O,1
with,O,O,1
winter,winter.n.01,winter.n.01,1
want,want.v.01,want.v.01,1
spring,spring.n.01,jump.v.01,0
right,O,O,1
now,O,O,1
marvelous,marvelous.a.01,fantastic.s.02,1
family,family.n.01,family.n.04,0
examples,example.n.01,example.n.01,1
are,be.v.02,O,0
's,example.n.01,O,0
wrote,write_down.v.01,write.v.01,0
down,O,O,1
something,entity.n.01,entity.n.01,1
in,O,O,1
notebook,notebook.n.01,notebook.n.02,0
'm,be.v.03,O,0
at,O,O,1
restaurant,restaurant.n.01,restaurant.n.01,1
dress,dress.n.01,dress.n.01,1
dug,dig.v.02,dig.v.02,1
hole,hole.n.02,hole.n.01,0
in,O,O,1
backyard,backyard.n.01,backyard.n.01,1
street,street.n.01,street.n.01,1
is,O,O,1
empty,empty.a.01,empty.a.01,1
barred,bar.v.02,bar.v.01,0
door,door.n.01,door.n.01,1
and,O,O,1
locked,lock.v.01,lock.v.01,1
can,O,O,1
come,come.v.02,come.v.02,1
at,O,O,1
three,O,O,1
mere,O,mere.s.01,0
spectators,spectator.n.01,spectator.n.01,1
watched,watch.v.03,watch.v.03,1
game,game.n.02,game.n.01,0
father,father.n.01,father.n.01,1
is,O,O,1
like,like.a.01,like.v.02,0
friend,friend.n.01,friend.n.01,1
to,O,O,1
father,father.n.01,father.n.01,1
fixed,fix.v.01,fix.v.01,1
broken,broken.a.01,broken.a.01,1
chair,chair.n.01,chair.n.01,1
leave,leave.v.01,leave.v.01,1
tomorrow,O,O,1
was,O,O,1
meeting,meet.v.02,meeting.n.01,0
at,O,O,1
six,O,O,1
're,O,O,1
wounded,wound.v.01,wound.v.01,1
's,O,O,1
as,O,O,1
pretty,pretty.a.01,pretty.a.01,1
sister,sister.n.01,sister.n.01,1
was,O,O,1
also,O,O,1
kind,kind.a.01,entity.n.01,0
to,O,O,1
animals,animal.n.01,animal.n.01,1
are,be.v.02,O,0
sister,sister.n.01,sister.n.01,1
's,O,O,1
magazines,magazine.n.01,magazine.n.02,0
is,be.v.02,O,0
acquaintance,acquaintance.n.03,acquaintance.n.03,1
of,O,O,1
hers,female.n.02,female.n.02,1
Wait,wait.v.01,delay.n.01,0
Is,O,O,1
tapwater,tap_water.n.01,O,0
drinkable,drinkable.a.01,drinkable.a.01,1
in,O,O,1
remember,remember.v.01,remember.v.01,1
'm,O,O,1
tired,tired_of.a.01,tired.a.01,0
of,O,O,1
backgammon,backgammon.n.01,backgammon.n.01,1
is,O,O,1
liked,like.v.03,like.v.03,1
by,O,O,1
everyone,person.n.01,person.n.01,1
ran,run_out.v.06,run_away.v.01,0
out,O,O,1
of,O,O,1
money,money.n.01,money.n.01,1
's,be.v.02,O,0
favorite,favorite.a.02,favorite.a.02,1
painter,painter.n.01,painter.n.01,1
notice,notice.v.02,notice.v.01,0
something,entity.n.01,entity.n.01,1
suspicious,suspicious.a.01,leery.s.01,1
have,O,O,1
to,O,O,1
button,button.v.02,button.n.02,0
jacket,jacket.n.01,jacket.n.01,1
is,O,O,1
awesome,awesome.a.01,amazing.s.02,1
lot,O,O,1
of,O,O,1
students,student.n.01,student.n.01,1
around,O,O,1
world,world.n.04,world.n.04,1
are,O,O,1
studying,study.v.04,study.v.05,0
voyage,voyage.n.01,voyage.n.01,1
lasted,last.v.01,last.v.01,1
months,month.n.02,month.n.02,1
made,make.v.06,make.v.06,1
chair,chair.n.01,chair.n.01,1
've,O,O,1
suddenly,suddenly.r.01,suddenly.r.01,1
started,start.v.01,start.v.02,0
to,O,O,1
gain,gain.v.09,derive.v.02,0
weight,weight.n.01,weight.n.01,1
Many,O,O,1
people,person.n.01,person.n.01,1
were,O,O,1
arrested,arrest.v.01,arrest.v.01,1
took,take.v.18,take.v.02,0
morning~after~pill,morning-after_pill.n.01,O,0
How,O,O,1
much,O,O,1
is,be.v.13,O,0
camera,camera.n.01,camera.n.01,1
Can,O,O,1
give,give.v.03,give.v.03,1
kilo,kilo.n.01,kilogram.n.01,1
of,O,O,1
plums,plum.n.02,plum.n.01,0
died,die.v.01,die.v.01,1
in,O,O,1
Something,entity.n.01,entity.n.01,1
fishy,fishy.a.02,O,0
is,O,O,1
going,go_on.v.02,go.v.01,0
on,O,O,1
will,O,O,1
be,O,O,1
jealous,jealous.a.01,jealous.a.01,1
received,receive.v.01,receive.v.01,1
telegram,telegram.n.01,telegram.n.01,1
from,O,O,1
do,O,O,1
n't,O,O,1
know,know.v.01,know.v.01,1
how,manner.n.01,manner.n.01,1
did,do.v.02,O,0
's,O,O,1
cellphone,cellphone.n.01,cellphone.n.01,1
rang,ring.v.01,ring.v.01,1
and,O,O,1
answered,answer.v.02,answer.v.02,1
'm,O,O,1
not,O,O,1
scared,scared.a.01,scared.a.01,1
of,O,O,1
anymore,O,O,1
stopped,stop.v.01,stop.v.02,0
debts,debt.n.02,debt.n.01,0
amount,amount.v.02,amount.v.02,1
to,O,O,1
Three,O,O,1
suspects,suspect.n.01,suspect.n.01,1
have,O,O,1
been,O,O,1
arrested,arrest.v.01,arrest.v.01,1
bugs,bug.n.02,bug.v.01,0
were,O,O,1
fixed,fix.v.01,fix.v.01,1
There,O,O,1
are,be.v.03,O,0
flying,fly.v.01,fly.v.01,1
birds,bird.n.01,bird.n.01,1
in,O,O,1
sky,O,sky.n.01,0
am,O,O,1
baffled,baffled.a.01,baffled.a.01,1
's,O,O,1
obscene,obscene.a.01,O,0
is,O,O,1
smashed,smashed.a.01,smash.v.02,0
'm,be.v.02,O,0
not,O,O,1
little~sister,little_sister.n.01,little_sister.n.01,1
'm,O,O,1
still,O,O,1
little,O,little.a.03,0
hungry,hungry.a.01,hungry.a.01,1
is,be.v.01,O,0
kind,entity.n.01,entity.n.01,1
of,O,O,1
watermelon,watermelon.n.02,watermelon.n.01,0
ball,ball.n.01,ball.n.01,1
hit,hit.v.02,hit.v.03,0
crossbar,crossbar.n.02,crossbar.n.01,0
is,be.v.02,O,0
first~name,first_name.n.01,first_name.n.01,1
Let,O,O,1
's,O,O,1
climb,climb.v.01,climb.v.01,1
to,O,O,1
top,top.n.03,top.n.02,0
of,O,O,1
mountain,mountain.n.01,mountain.n.01,1
parents,parent.n.01,parent.n.01,1
love,love.v.01,love.v.01,1
sun,sun.n.01,sun.n.01,1
is,O,O,1
shining,shine.v.02,shine.v.02,1
in,O,O,1
face,face.n.01,face.n.01,1
am,O,O,1
peeling,peel.v.01,peel.v.01,1
celery,celery.n.02,celery.n.01,0
and,O,O,1
potatoes,potato.n.01,potato.n.01,1
must,O,O,1
be,O,O,1
very,very.r.01,very.r.01,1
proud,proud.a.01,proud.a.01,1
When,O,O,1
was,O,O,1
boy,boy.n.01,boy.n.01,1
addicted,addicted.a.01,addicted.a.01,1
to,O,O,1
reading,read.v.01,read.v.01,1
detective~stories,detective_story.n.01,O,0
is,O,O,1
stirring,stir.v.01,stir.v.08,0
coffee,coffee.n.01,coffee.n.01,1
is,O,O,1
very,very.r.01,very.r.01,1
young,young.a.01,young.a.01,1
man,man.n.01,man.n.01,1
is,O,O,1
filling,fill.v.01,fill.v.01,1
container,container.n.01,container.n.01,1
made,make.v.06,make.v.06,1
of,O,O,1
plastic,plastic.n.01,plastic.n.01,1
man,man.n.01,man.n.01,1
is,O,O,1
shooting,shoot.v.01,shoot.v.01,1
with,O,O,1
bow,bow.n.04,bow.n.02,0
's,O,O,1
cleverer,clever.a.02,clever.a.02,1
than,O,O,1
Something,entity.n.01,entity.n.01,1
is,O,O,1
happening,happen.v.01,happen.v.01,1
in,O,O,1
asked,ask.v.01,ask.v.01,1
whether,O,O,1
like,like.v.02,like.v.02,1
math,math.n.01,math.n.01,1
is,O,O,1
not,O,O,1
as,O,O,1
tall,tall.a.01,tall.a.01,1
Everyone,person.n.01,person.n.01,1
in,O,O,1
class,class.n.02,class.n.02,1
climbed,climb.v.01,climb.v.01,1
hill,hill.n.01,hill.n.01,1
assassination,assassination.n.02,character_assassination.n.01,0
of,O,O,1
took,take_place.v.01,take.v.02,0
place,O,O,1
on,O,O,1
at,O,O,1
end,O,end.n.01,0
rally,rally.n.01,rally.n.01,1
in,O,O,1
support,support.n.02,support.v.02,0
agreements,agreement.n.01,agreement.n.01,1
assassination,assassination.n.02,character_assassination.n.01,0
of,O,O,1
took,take_place.v.01,take.v.02,0
place,O,O,1
in,O,O,1
Texas~Instruments,O,O,1
produces,produce.v.02,produce.v.01,0
mobile~phones,mobile_phone.n.01,mobile_phone.n.01,1
Look,look_out.v.01,look.v.01,0
out,O,O,1
girl,girl.n.01,girl.n.01,1
was,O,O,1
afraid,afraid.a.01,afraid.a.01,1
of,O,O,1
own,O,own.v.01,0
shadow,shadow.n.01,shadow.n.01,1
All,O,O,1
students,student.n.01,student.n.01,1
study,study.v.04,study.v.05,0
teaches,teach.v.01,teach.v.01,1
is,O,O,1
now,O,O,1
on,on.a.01,O,0
duty,duty.n.02,duty.n.02,1
like,like.v.02,like.v.02,1
languages,language.n.01,language.n.01,1
school,school.n.01,school.n.02,0
is,O,O,1
years,year.n.01,year.n.01,1
old,old.a.02,old.a.01,1
is,be.v.08,O,0
scientist,scientist.n.01,scientist.n.01,1
has,O,O,1
written,write.v.01,write.v.01,1
number,O,number.n.04,0
of,O,O,1
exciting,exciting.a.02,exciting.a.01,0
detective~stories,detective_story.n.01,O,0
'll,O,O,1
attend,attend.v.01,attend.v.01,1
Summer,summer.n.01,summer.n.01,1
has,O,O,1
ended,end.v.01,end.v.01,1
computer,computer.n.01,computer.n.01,1
has,O,O,1
frozen,freeze.v.01,frozen.a.05,0
flag,flag.n.01,flag.n.01,1
is,O,O,1
very,very.r.01,very.r.01,1
pretty,pretty.a.01,pretty.a.01,1
building,building.n.01,building.n.01,1
is,O,O,1
one~hundred,O,O,1
meters,meter.n.01,meter.n.01,1
high,high.a.01,high.a.02,1
wounded,wounded.n.01,wound.v.01,0
were,O,O,1
transported,transport.v.01,transport.v.01,1
with,O,O,1
ambulance,ambulance.n.01,ambulance.n.01,1
massaged,massage.v.01,massage.v.01,1
shoulders,shoulder.n.01,shoulder.n.01,1
have,have.v.04,O,0
truck,truck.n.01,truck.n.01,1
is,O,O,1
taller,tall.a.01,tall.a.01,1
than,O,O,1
weather,weather.n.01,weather.n.01,1
room,room.n.01,room.n.01,1
In,O,O,1
part,part.n.05,part.n.07,0
of,O,O,1
did,O,O,1
oilpipe,oil_pipeline.n.01,O,0
burst,burst.v.01,burst.v.01,1
There,O,O,1
is,be.v.03,O,0
crumb,crumb.n.03,crumb.n.01,0
in,O,O,1
beard,beard.n.01,beard.n.01,1
asked,ask.v.01,ask.v.01,1
if,O,O,1
was,be.v.06,O,0
swallowed,swallow.v.03,swallow.v.01,0
card,card.n.02,card.n.03,0
was,O,O,1
sent,send.v.01,send.v.01,1
by,O,O,1
company,company.n.01,company.n.01,1
to,O,O,1
've,O,O,1
never,O,O,1
been,O,O,1
skiing,ski.v.01,ski.v.01,1
has,O,O,1
been,O,O,1
stabbed,stab.v.01,stab.v.01,1
several,O,O,1
times,time.n.01,time.n.01,1
inherited,inherit.v.01,inherit.v.01,1
old,old.a.02,old.a.01,1
wooden,wooden.a.01,wooden.a.01,1
chest,chest.n.02,chest.n.02,1
retired,retire.v.01,retired.a.01,0
many,O,O,1
years,year.n.01,year.n.01,1
ago,O,O,1
's,O,O,1
cheap,cheap.a.01,cheap.a.03,0
is,O,O,1
n't,O,O,1
's,O,O,1
outdated,outdated.a.01,O,0
hare,hare.n.01,hare.n.01,1
raced,race.v.02,rush.v.01,0
with,O,O,1
tortoise,tortoise.n.01,tortoise.n.01,1
took,take.v.02,take.v.02,1
several,O,O,1
hours,hour.n.01,hour.n.01,1
to,O,O,1
draw,draw.v.06,draw.n.03,0
Is,O,O,1
hexane,hexane.n.01,hexane.n.01,1
toxic,toxic.a.01,O,0
Let,O,O,1
's,O,O,1
go,go.v.01,go.v.01,1
to,O,O,1
theater,theater.n.01,theater.n.01,1
together,O,O,1
submarines,submarine.n.01,submarine.n.01,1
sank,sink.v.02,sink.v.04,0
lot,O,O,1
of,O,O,1
ships,ship.n.01,ship.n.01,1
is,O,O,1
addicted,addicted.a.01,addicted.a.01,1
to,O,O,1
heroin,heroin.n.01,heroin.n.01,1
dreams,dream.v.01,dream.v.01,1
body,person.n.01,person.n.01,1
in,O,O,1
speaks,speak.v.03,speak.v.03,1
regret,regret.v.01,regret.v.01,1
decision,decision.n.02,decision.n.02,1
've,O,O,1
seen,see.v.01,see.v.01,1
flying~saucer,flying_saucer.n.01,O,0
drove,drive.v.01,drive.v.02,0
car,car.n.01,car.n.01,1
off,O,O,1
cliff,cliff.n.01,cliff.n.01,1
threw,throw.v.01,throw.v.01,1
snowball,snowball.n.04,snowball.n.01,0
at,O,O,1
called,call.v.03,call.v.01,0
are,be.v.02,O,0
pens,pen.n.01,pen.n.01,1
one,person.n.01,person.n.01,1
except,O,O,1
was,O,O,1
wearing,wear.v.02,wear.v.01,0
tie,tie.n.01,tie.n.01,1
Somebody,person.n.01,person.n.01,1
called,call.v.03,call.v.01,0
sold,sell.v.01,sell.v.01,1
house,house.n.01,house.n.01,1
hanged,hang.v.03,hang.v.01,0
in,O,O,1
jail,jail.n.01,jail.n.01,1
has,O,O,1
taught,teach.v.01,teach.v.01,1
for,O,O,1
thirty,O,O,1
years,year.n.01,year.n.01,1
'm,O,O,1
waiting,wait.v.01,wait.v.01,1
for,O,O,1
to,O,O,1
climb,climb.v.02,climb.v.01,0
into,O,O,1
car,car.n.01,car.n.01,1
How,O,O,1
much,O,O,1
does,O,O,1
daughter,daughter.n.01,daughter.n.01,1
weigh,weigh.v.01,weigh.v.01,1
is,O,O,1
called,call.v.01,call.v.01,1
in,O,O,1
filled,fill_out.v.01,fill.v.01,0
out,O,O,1
application~form,application_form.n.01,O,0
was,O,O,1
trampled,trample.v.02,tread.v.02,0
by,O,O,1
wild,wild.a.02,wild.a.02,1
hippopotamus,hippopotamus.n.01,hippopotamus.n.01,1
is,O,O,1
served,serve.v.06,serve.v.06,1
at,O,O,1
seven~a.m.,O,O,1
Over,O,O,1
three~thousand,O,O,1
people,person.n.01,person.n.01,1
attended,attend.v.01,attend.v.01,1
concert,concert.n.01,concert.n.01,1
two,O,O,1
policemen,policeman.n.01,policeman.n.01,1
were,O,O,1
exhausted,exhausted.a.01,exhausted.a.01,1
too,O,O,1
tried,try.v.01,try.v.01,1
house,house.n.01,house.n.01,1
is,be.v.03,O,0
near,O,O,1
subway~station,subway_station.n.01,O,0
am,O,O,1
dumbfounded,dumbfounded.a.01,dumbfounded.a.01,1
cleaned,clean.v.01,clean.v.01,1
toilet,toilet.n.02,toilet.n.02,1
contradicted,contradict.v.01,contradict.v.01,1
bicycle,bicycle.n.01,bicycle.n.01,1
is,O,O,1
blue,blue.a.01,blue.a.01,1
have,O,O,1
read,read.v.01,read.v.01,1
book,book.n.01,book.n.02,0
several,O,O,1
times,time.n.01,time.n.01,1
was,O,O,1
livid,livid.a.03,livid.a.03,1
older,older.a.01,old.a.01,0
man,man.n.01,man.n.01,1
was,O,O,1
sitting,sit.v.01,sit.v.01,1
on,O,O,1
bench,bench.n.01,bench.n.01,1
novel,novel.n.01,novel.n.01,1
was,O,O,1
written,write.v.01,write.v.01,1
by,O,O,1
Nobody,person.n.01,person.n.01,1
called,call.v.03,call.v.01,0
cheated,cheat.v.03,cheat.v.04,0
bowed,bow.v.03,bow.v.03,1
to,O,O,1
works,work.v.01,work.v.02,0
police,police.n.01,police.n.01,1
arrested,arrest.v.01,arrest.v.01,1
suspect,suspect.n.01,suspect.n.01,1
yesterday,day.n.03,O,0
hailstones,hailstone.n.01,hailstone.n.01,1
were,O,O,1
as,O,O,1
big,big.a.01,big.a.01,1
tennis~balls,tennis_ball.n.01,tennis_ball.n.01,1
Forgive,forgive.v.01,forgive.v.01,1
There,O,O,1
are,be.v.03,O,0
many,O,O,1
fish,fish.n.01,fish.n.01,1
in,O,O,1
lake,lake.n.01,lake.n.01,1
pulled,pull_down.v.02,pull.v.15,0
down,O,O,1
blinds,blind.n.03,blind.n.03,1
chopped,chop_down.v.01,chop.v.01,0
down,O,O,1
tree,tree.n.01,tree.n.01,1
with,O,O,1
ax,ax.n.01,ax.n.01,1
Maybe,O,O,1
was,O,O,1
hiding,hide.v.01,hide.v.02,0
something,entity.n.01,entity.n.01,1
hugged,hug.v.01,hug.v.01,1
There,O,O,1
's,be.v.03,O,0
hidden,hidden.a.02,hide.v.01,0
door,door.n.01,door.n.01,1
in,O,O,1
library,library.n.01,library.n.03,0
have,O,O,1
n't,O,O,1
touched,touch.v.01,touch.v.01,1
anything,entity.n.01,entity.n.01,1
works,work.v.02,work.v.02,1
at,O,O,1
supermarket,supermarket.n.01,supermarket.n.01,1
composed,compose.v.03,compose.v.02,0
sonnet,sonnet.n.01,sonnet.n.01,1
surname,surname.n.01,surname.n.01,1
is,be.v.06,O,0
Ling,O,O,1
stole,steal.v.01,steal.v.01,1
money,money.n.01,money.n.01,1
did,O,O,1
n't,O,O,1
browser,browser.n.02,browser.n.01,0
are,O,O,1
using,use.v.01,use.v.01,1
rope,rope.n.01,rope.n.01,1
broke,break.v.02,break_out.v.01,0
under,O,O,1
strain,strain.n.01,strain.n.01,1
How,O,O,1
blue,blue.a.01,blue.a.01,1
sky,sky.n.01,sky.n.01,1
is,O,O,1
knocked,knock.v.02,knock.v.02,1
on,O,O,1
door,door.n.01,door.n.01,1
rinsed,rinse.v.01,rinse.v.03,0
dishes,dish.n.01,dish.n.01,1
and,O,O,1
have,O,O,1
flown,fly.v.01,fly.v.01,1
from,O,O,1
to,O,O,1
caught,catch.v.08,catch.v.08,1
fish,fish.n.01,fish.n.01,1
started,start.v.01,start.v.02,0
to,O,O,1
walk,walk_away.v.01,walk.v.01,0
away,O,O,1
but,O,O,1
stopped,stop.v.05,stop.v.02,0
has,O,O,1
been,be.v.03,O,0
to,O,O,1
three,O,O,1
times,time.n.01,time.n.01,1
intervened,intervene.v.01,intervene.v.01,1
substituted,substitute.v.02,substitute.v.02,1
for,O,O,1
father,father.n.01,father.n.01,1
is,be.v.01,O,0
city,city.n.01,city.n.01,1
in,O,O,1
Basque~Country,country.n.02,O,0
All,entity.n.01,O,0
boys,boy.n.01,boy.n.01,1
were,O,O,1
yelling,yell.v.01,yell.v.01,1
am,O,O,1
proud,proud.a.01,proud.a.01,1
of,O,O,1
fisherman,fisherman.n.01,fisherman.n.01,1
's,O,O,1
story,story.n.01,story.n.01,1
is,O,O,1
fishy,fishy.a.02,fishy.a.01,0
news,news.n.01,news.n.01,1
got,get_around.v.01,O,0
around,O,O,1
is,O,O,1
stronger,strong.a.01,strong.a.01,1
than,O,O,1
'll,O,O,1
wait,wait.v.01,wait.v.01,1
for,O,O,1
in,O,O,1
lobby,lobby.n.01,anteroom.n.01,1
's,O,O,1
sitting,sit.v.01,sit.v.01,1
in,O,O,1
waiting~room,waiting_room.n.01,waiting_room.n.01,1
Keeping,keep.v.20,keep.v.01,0
car,car.n.01,car.n.01,1
is,be.v.01,O,0
considerable,considerable.a.01,considerable.a.01,1
expense,expense.n.01,expense.n.01,1
is,O,O,1
not,O,O,1
funny,funny.a.01,funny.a.01,1
's,O,O,1
hair,hair.n.01,hair.n.01,1
is,O,O,1
chestnut~brown,chestnut.a.01,chestnut.a.01,1
looked,look_down_on.v.01,look.v.02,0
down,O,O,1
on,O,O,1
as,O,O,1
coward,coward.n.01,coward.n.01,1
's,O,O,1
true,true.a.01,true.a.01,1
vote,vote.n.02,vote.v.01,0
took,take_place.v.01,take.v.02,0
place,O,O,1
on,O,O,1
sixteenth,O,sixteenth.n.01,0
dropped,drop.v.01,drop.v.01,1
cup,cup.n.01,cup.n.01,1
and,O,O,1
broke,break.v.05,break_out.v.01,0
gold,gold.a.01,gold.n.03,0
ring,ring.n.08,ring.n.08,1
belonged,belong.v.01,belong.v.01,1
to,O,O,1
mother,mother.n.01,mother.n.01,1
and,O,O,1
went,O,go.v.01,0
hunting,hunt.v.06,hunt.v.01,0
for,O,O,1
tree,tree.n.01,tree.n.01,1
is,O,O,1
tall,tall.a.01,tall.a.01,1
Everybody,person.n.01,person.n.01,1
wants,want.v.01,want.v.01,1
something,entity.n.01,entity.n.01,1
extinguished,extinguish.v.02,extinguish.v.02,1
fire,fire.n.01,fire.n.01,1
took,take.v.02,take.v.02,1
five,O,O,1
hours,hour.n.01,hour.n.01,1
to,O,O,1
make,make.v.06,make.v.01,0
kennel,kennel.n.01,kennel.n.01,1
room,room.n.01,room.n.01,1
is,O,O,1
extremely,extremely.r.02,extremely.r.02,1
small,small.a.01,small.a.01,1
river,river.n.01,river.n.01,1
is,O,O,1
also,O,O,1
polluted,polluted.a.01,polluted.a.01,1
and,O,O,1
picked,pick_up.v.03,pick.v.02,0
up,O,O,1
hitchhiker,hitchhiker.n.01,hitchhiker.n.01,1
suffered,suffer.v.02,suffer.v.02,1
from,O,O,1
collapsed,collapse.v.03,O,0
lung,lung.n.01,lung.n.01,1
's,O,O,1
ironic,ironic.a.01,dry.s.02,1
lowered,lower.v.01,lower.v.03,0
gaze,gaze.n.01,gaze.n.01,1
's,O,O,1
bit,O,O,1
older,old.a.01,old.a.01,1
than,O,O,1
thought,think.v.01,think.v.01,1
had,O,O,1
stopped,stop.v.02,stop.v.02,1
dating,date.v.01,date.v.01,1
How,O,O,1
's,O,O,1
love,love.v.01,love.v.01,1
pizza,pizza.n.01,pizza.n.01,1
still,O,O,1
in~love,in_love.a.01,in_love.a.01,1
with,O,O,1
There,O,O,1
are,be.v.03,O,0
many,O,O,1
earthquakes,earthquake.n.01,earthquake.n.01,1
in,O,O,1
is,O,O,1
very,very.r.01,very.r.01,1
sociable,sociable.a.01,sociable.a.01,1
ice,ice.n.02,ice.n.02,1
is,O,O,1
two,O,O,1
inches,inch.n.01,inch.n.01,1
thick,thick.a.01,thick.a.01,1
have,O,O,1
to,O,O,1
turn,turn_in.v.02,turn_on.v.01,0
in,O,O,1
report,report.n.01,report.n.01,1
today,O,O,1
got,get.v.09,O,0
had,O,O,1
wallet,wallet.n.01,wallet.n.01,1
stolen,steal.v.01,steal.v.01,1
is,be.v.02,O,0
's,O,O,1
ex,ex.n.01,O,0
did,O,O,1
get,get.v.01,get.v.05,0
flowers,flower.n.01,flower.n.01,1
from,O,O,1
will,O,O,1
take,take.v.02,take_place.v.01,0
minutes,minute.n.01,minute.n.01,1
to,O,O,1
get,get.v.05,get.v.05,1
station,station.n.01,station.n.01,1
by,O,O,1
taxi,taxi.n.01,taxi.n.01,1
father,father.n.01,father.n.01,1
died,die.v.01,die.v.01,1
five,O,O,1
years,year.n.01,year.n.01,1
ago,O,O,1
's,O,O,1
illiterate,illiterate.a.01,illiterate.a.01,1
lighted,light.v.04,light.v.01,0
cigarette,cigarette.n.01,cigarette.n.01,1
've,O,O,1
been,be.v.03,O,0
to,O,O,1
three,O,O,1
times,time.n.01,time.n.01,1
wound,wound.n.01,wound.n.01,1
discharged,discharge.v.02,dispatch.v.02,0
pus,pus.n.02,pus.n.01,0
aunt,aunt.n.01,aunt.n.01,1
's,O,O,1
glasses,glasses.n.01,glasses.n.01,1
are,O,O,1
fashionable,fashionable.a.01,fashionable.a.01,1
do,do.v.02,O,0
work,work.n.03,work.v.02,0
for,O,O,1
from~time~to~time,from_time_to_time.r.01,from_time_to_time.r.01,1
is,O,O,1
majoring,major.v.01,major.v.01,1
in,O,O,1
architecture,architecture.n.02,architecture.n.01,0
child,child.n.01,child.n.01,1
is,O,O,1
wearing,wear.v.01,wear.v.01,1
yellow,yellow.a.01,yellow.a.01,1
jacket,jacket.n.01,jacket.n.01,1
and,O,O,1
jumping,jump.v.01,jump.v.01,1
on,O,O,1
rock,rock.n.01,rock.n.01,1
person,person.n.01,person.n.01,1
is,O,O,1
buttering,butter.v.01,butter.v.01,1
tray,tray.n.01,tray.n.01,1
Someone,person.n.01,person.n.01,1
is,O,O,1
feeding,feed.v.02,feed.v.01,0
animal,animal.n.01,animal.n.01,1
whisky,whisky.n.01,whiskey.n.01,1
is,O,O,1
very,very.r.01,very.r.01,1
strong,strong.a.08,strong.a.01,0
died,die.v.01,die.v.01,1
from,O,O,1
tuberculosis,tuberculosis.n.01,tuberculosis.n.01,1
could,O,O,1
do,do.v.02,O,0
something,entity.n.01,entity.n.01,1
big,big.a.02,big.a.01,0
Wilkins,male.n.02,wilkins.n.01,0
arrived,arrive.v.01,arrive.v.01,1
in,O,O,1
Dogs,dog.n.01,dog.n.01,1
are,O,O,1
used,use.v.01,O,0
in,O,O,1
law~enforcement,law_enforcement.n.01,O,0
authored,author.v.01,author.v.01,1
many,O,O,1
biographies,biography.n.01,biography.n.01,1
was,O,O,1
re-elected,reelect.v.01,reelect.v.01,1
in,O,O,1
's,O,O,1
remains,remain.v.01,remain.v.01,1
undiscovered,undiscovered.a.01,undiscovered.s.01,1
was,be.v.02,O,0
first,O,O,1
Chinese,country.n.02,country.n.02,1
was,O,O,1
born,bear.v.02,bear.v.02,1
in,O,O,1
'm,O,O,1
not,O,O,1
convinced,convinced.a.01,convinced.a.01,1
at~all,O,O,1
took,take.v.02,take.v.02,1
three,O,O,1
days,day.n.01,day.n.01,1
to,O,O,1
clean,clean.v.01,clean.v.01,1
room,room.n.01,room.n.01,1
How,O,O,1
long,long.a.02,long.a.02,1
is,O,O,1
bridge,bridge.n.01,bridge.n.01,1
How,O,O,1
deep,deep.a.03,deep.a.03,1
is,O,O,1
lake,lake.n.01,lake.n.01,1
watch,watch.n.01,watch.n.01,1
is,O,O,1
very,very.r.01,very.r.01,1
accurate,accurate.a.01,accurate.a.01,1
do,O,O,1
n't,O,O,1
work,work.v.01,work.v.02,0
on,O,O,1
am,O,O,1
interested,interested.a.01,interested.a.01,1
in,O,O,1
swimming,swim.v.01,swim.v.01,1
have,have.v.04,O,0
few,O,O,1
books,book.n.02,book.n.02,1
wanted,want.v.01,want.v.01,1
to,O,O,1
surprise,surprise.v.01,surprise.v.01,1
steps,step.n.09,stairs.n.01,0
were,O,O,1
clearly,clearly.r.04,clearly.r.01,1
marked,mark.v.05,tag.v.01,0
in,O,O,1
snow,snow.n.02,snow.n.02,1
poll,poll.n.01,poll.n.01,1
was,O,O,1
taken,take.v.01,take_away.v.04,0
yesterday,day.n.03,O,0
won,win.v.01,win.v.01,1
race,race.n.01,race.n.02,0
again,O,O,1
was,O,O,1
elected,elect.v.01,elect.v.01,1
president,president.n.03,president.n.01,0
sat,sit.v.01,sit.v.01,1
in,O,O,1
shade,shade.n.01,shade.n.01,1
of,O,O,1
big,big.a.01,big.a.01,1
tree,tree.n.01,tree.n.01,1
shed,shed.v.02,shed.n.01,0
bitter,bitter.a.04,bitter.a.06,1
tears,tear.n.01,tear.n.01,1
'm,O,O,1
patient,patient.a.01,patient.n.01,0
'm,O,O,1
little,O,little.a.03,0
taller,tall.a.01,tall.a.01,1
than,O,O,1
listened,listen.v.01,listen.v.01,1
to,O,O,1
music,music.n.01,music.n.01,1
in,O,O,1
room,room.n.01,room.n.01,1
letter,letter.n.01,letter.n.01,1
is,be.v.02,O,0
view,view.n.02,position.n.03,0
from,O,O,1
summit,summit.n.02,acme.n.01,0
is,O,O,1
very,very.r.01,very.r.01,1
nice,nice.a.01,nice.a.01,1
fault,fault.n.01,fault.n.01,1
'm,O,O,1
very,very.r.01,very.r.01,1
tired,tired.a.01,tired.a.01,1
now,O,O,1
have,have.v.04,O,0
three,O,O,1
chickens,chicken.n.02,chicken.n.02,1
in,O,O,1
house,house.n.01,house.n.01,1
There,O,O,1
are,be.v.03,O,0
cats,cat.n.01,cat.n.01,1
on,O,O,1
too,O,O,1
's,O,O,1
occupied,occupied.a.01,occupy.v.05,0
is,be.v.02,O,0
head,head.n.04,head.n.01,0
of,O,O,1
was,be.v.02,O,0
's,O,O,1
most,most.r.01,most.r.01,1
famous,famous.a.01,famous.a.01,1
piece~of~music,piece_of_music.n.01,O,0
continent,continent.n.01,continent.n.01,1
is,be.v.03,O,0
world,world.n.04,world.n.04,1
's,O,O,1
largest,large.a.01,large.a.01,1
desert,desert.n.01,desert.n.01,1
on,O,O,1
is,O,O,1
angry,angry.a.01,angry.a.01,1
with,O,O,1
Somebody,person.n.01,person.n.01,1
called,call.v.03,call.v.01,0
police,police.n.01,police.n.01,1
said,say.v.02,say.v.01,0
was,O,O,1
n't,O,O,1
hungry,hungry.a.01,hungry.a.01,1
told,tell.v.02,tell.v.02,1
something,entity.n.01,entity.n.01,1
'd,O,O,1
never,O,O,1
anyone,person.n.01,person.n.01,1
enjoyed,enjoy.v.01,enjoy.v.01,1
walked,walk.v.01,walk.v.01,1
through,O,O,1
revolving~door,revolving_door.n.02,O,0
into,O,O,1
hotel,hotel.n.01,hotel.n.01,1
lobby,lobby.n.01,anteroom.n.01,1
In~other~words,O,O,1
's,O,O,1
lazy,lazy.a.02,lazy.a.02,1
Everybody,person.n.01,person.n.01,1
lies,lie.v.05,lie.v.01,0
There,O,O,1
are,be.v.03,O,0
thirty,O,O,1
names,name.n.01,name.n.01,1
on,O,O,1
list,list.n.01,list.n.01,1
president,president.n.01,president.n.01,1
was,O,O,1
farmer,farmer.n.01,farmer.n.01,1
when,O,O,1
young,young.a.01,young.a.01,1
is,O,O,1
also,O,O,1
called,call.v.01,call.v.01,1
table~tennis,O,O,1
did,O,O,1
n't,O,O,1
bat,bat.v.02,bat.n.05,0
eyelid,eyelid.n.01,eyelid.n.01,1
handed,hand.v.01,hand.v.01,1
salesclerk,salesclerk.n.01,salesclerk.n.01,1
money,money.n.01,money.n.01,1
was,be.v.02,O,0
's,O,O,1
wife,wife.n.01,wife.n.01,1
cousin,cousin.n.01,cousin.n.01,1
is,be.v.01,O,0
junkie,junkie.n.01,drug_addict.n.01,1
saw,see.v.01,see.v.01,1
in,O,O,1
mirror,mirror.n.01,mirror.n.01,1
speakest,speak.v.01,O,0
'm,O,O,1
relaxed,relaxed.a.01,relaxed.a.01,1
Be,O,be.v.03,0
kind,kind.a.01,entity.n.01,0
to,O,O,1
old,old.a.01,old.a.01,1
people,person.n.01,person.n.01,1
caught,catch.v.04,catch.v.08,0
ball,ball.n.01,ball.n.01,1
also,O,O,1
bought,buy.v.01,buy.v.01,1
dozen,O,O,1
eggs,egg.n.02,egg.n.02,1
bit,bite.v.01,O,0
lip,lip.n.01,lip.n.01,1
left,leave.v.01,leave.v.01,1
for,O,O,1
yesterday,O,O,1
'll,O,O,1
be,O,O,1
back,back.r.01,back.n.01,0
at,O,O,1
is,O,O,1
kind,kind.a.01,entity.n.01,0
to,O,O,1
did,O,O,1
n't,O,O,1
matter,matter.v.01,matter.v.01,1
to,O,O,1
animal,animal.n.01,animal.n.01,1
is,O,O,1
bigger,big.a.01,big.a.01,1
than,O,O,1
one,animal.n.01,person.n.01,0
Is,be.v.02,O,0
n't,O,O,1
theirs,person.n.01,person.n.01,1
instantly,instantly.r.01,instantly.r.01,1
fell,fall.v.03,fall.v.03,1
in~love,in_love.a.01,in_love.a.01,1
with,O,O,1
party,party.n.04,party.n.04,1
took,take_place.v.01,take.v.02,0
place,O,O,1
in,O,O,1
big,big.a.01,big.a.01,1
room,room.n.01,room.n.01,1
is,O,O,1
taller,tall.a.01,tall.a.01,1
than,O,O,1
will,O,O,1
be,be.v.01,O,0
masterpiece,masterpiece.n.01,masterpiece.n.01,1
fined,fine.v.01,fine.v.01,1
yen,yen.n.02,yen.n.02,1
for,O,O,1
illegal,illegal.a.01,illegal.a.01,1
parking,park.v.01,parking.n.01,0
transaction,transaction.n.01,transaction.n.01,1
was,O,O,1
carried,carry_out.v.01,carry_out.v.01,1
out,O,O,1
in,O,O,1
yen,yen.n.02,yen.n.02,1
rather,O,rather.r.04,0
than,O,O,1
US~dollars,united_states_dollar.n.01,O,0
There,O,O,1
's,be.v.03,O,0
ton,ton.n.01,short_ton.n.01,1
of,O,O,1
dust,dust.n.01,dust.n.01,1
on,O,O,1
top,top.n.01,top.n.02,0
fan~blades,fan_blade.n.01,O,0
took,take.v.02,take.v.02,1
six,O,O,1
years,year.n.01,year.n.01,1
to,O,O,1
conquer,conquer.v.02,suppress.v.01,0
drink,drink.v.01,drink.v.01,1
lot,O,O,1
of,O,O,1
lemonade,lemonade.n.01,lemonade.n.01,1
lied,lie.v.05,lie.v.05,1
to,O,O,1
again,O,O,1
will,O,O,1
be,O,O,1
absent,absent.a.01,absent.a.01,1
today,O,O,1
because,O,O,1
has,have.v.16,O,0
cold,cold.n.01,cold.n.01,1
already,O,O,1
told,tell.v.02,tell.v.02,1
hundred,O,O,1
times,time.n.01,time.n.01,1
am,O,O,1
whistling,whistle.v.01,whistle.v.03,0
in,O,O,1
house,house.n.01,house.n.01,1
is,O,O,1
years,year.n.01,year.n.01,1
old,old.a.01,old.a.01,1
've,O,O,1
got,get.v.01,O,0
plenty,O,O,1
of,O,O,1
money,money.n.01,money.n.01,1
freed,free.v.01,free.v.01,1
hostages,hostage.n.01,hostage.n.01,1
tried,try.v.01,try.v.01,1
to,O,O,1
squeeze,squeeze.v.01,squeeze.v.01,1
juice,juice.n.01,juice.n.01,1
from,O,O,1
orange,orange.n.01,orange.n.01,1
whispered,whisper.v.01,whisper.v.01,1
something,entity.n.01,entity.n.01,1
in,O,O,1
ear,ear.n.01,ear.n.01,1
's,O,O,1
not,O,O,1
breaking,break.v.06,break.v.06,1
law,law.n.01,law.n.01,1
bought,buy.v.01,buy.v.01,1
three,O,O,1
kilograms,O,kilogram.n.01,0
of,O,O,1
apples,apple.n.01,apple.n.01,1
comes,come.v.08,come.v.08,1
from,O,O,1
state,state.n.01,state.n.01,1
of,O,O,1
'm,O,O,1
still,O,O,1
crying,cry.v.02,cry.v.02,1
'm,O,O,1
calm,calm.a.01,calm.a.01,1
now,O,O,1
Millions,O,O,1
of,O,O,1
people,person.n.01,person.n.01,1
in,O,O,1
United~States,country.n.02,country.n.02,1
are,O,O,1
unemployed,unemployed.a.01,unemployed.a.01,1
Let,O,O,1
sing,sing.v.01,sing.v.01,1
patriotic,patriotic.a.01,patriotic.a.01,1
air,air.n.07,air.n.01,0
mother,mother.n.01,mother.n.01,1
bought,buy.v.01,buy.v.01,1
two,O,O,1
bottles,bottle.n.02,bottle.n.02,1
of,O,O,1
orange~juice,orange_juice.n.01,orange_juice.n.01,1
was,O,O,1
chewing,chew.v.01,chew.v.01,1
on,O,O,1
toothpick,toothpick.n.01,toothpick.n.01,1
committee,committee.n.01,committee.n.01,1
consists,consist.v.04,consist.v.04,1
of,O,O,1
fifteen,O,O,1
people,person.n.01,person.n.01,1
Everybody,person.n.01,person.n.01,1
paid,pay.v.01,pay.v.01,1
dropped,drop_off.v.03,drop.v.01,0
off,O,O,1
at,O,O,1
station,station.n.01,station.n.01,1
Dogs,dog.n.01,dog.n.01,1
bark,bark.v.04,bark.n.01,0
began,begin.v.01,begin.v.01,1
to,O,O,1
snore,snore.v.01,snore.v.01,1
arrived,arrive.v.01,arrive.v.01,1
by,O,O,1
car,car.n.01,car.n.01,1
Something,entity.n.01,entity.n.01,1
's,O,O,1
not,O,O,1
right,right.a.02,O,0
am,O,O,1
wiping,wipe.v.01,wipe.v.01,1
nose,nose.n.01,nose.n.01,1
with,O,O,1
handkerchief,handkerchief.n.01,handkerchief.n.01,1
book,book.n.01,book.n.02,0
is,O,O,1
so,O,so.r.01,0
difficult,difficult.a.01,difficult.a.01,1
ca,O,O,1
n't,O,O,1
read,read.v.01,read.v.01,1
is,be.v.02,O,0
buddy,buddy.n.01,buddy.n.01,1
of,O,O,1
mine,O,O,1
was,O,O,1
unimpressed,unimpressed.a.01,unimpressed.a.01,1
parents,parent.n.01,parent.n.01,1
are,O,O,1
aged,aged.a.01,aged.a.03,1
pushed,push.v.01,push.v.01,1
off,O,O,1
cliff,cliff.n.01,cliff.n.01,1
is,O,O,1
three,O,O,1
years,year.n.01,year.n.01,1
older,old.a.01,old.a.01,1
than,O,O,1
wiggled,wiggle.v.01,wiggle.v.01,1
nose,nose.n.01,nose.n.01,1
hate,hate.v.01,hate.v.01,1
karaoke,karaoke.n.01,karaoke.n.01,1
're,be.v.03,O,0
in,O,O,1
aisle,aisle.n.02,O,0
two,O,O,1
's,O,O,1
popular,popular.a.01,popular.a.01,1
with,O,O,1
women,woman.n.01,woman.n.01,1
dress,dress.n.01,dress.n.01,1
is,be.v.03,O,0
above,O,O,1
knee,knee.n.01,knee.n.01,1
loves,love.v.03,love.v.01,0
too,O,O,1
'll,O,O,1
see,see.v.08,see.v.01,0
tomorrow,O,O,1
at,O,O,1
school,school.n.02,school.n.02,1
grabbed,grab.v.02,grab.v.05,0
keys,key.n.01,key.n.01,1
and,O,O,1
put,put.v.01,put.v.01,1
into,O,O,1
pocket,pocket.n.01,pocket.n.01,1
rash,rash.n.01,rash.n.01,1
broke,break_out.v.01,break_out.v.01,1
out,O,O,1
on,O,O,1
neck,neck.n.01,neck.n.01,1
'm,O,O,1
glad,glad.a.01,glad.a.01,1
asked,ask.v.01,ask.v.01,1
beat,beat.v.01,beat.v.01,1
yesterday,day.n.03,O,0
is,O,O,1
sitting,sit.v.01,sit.v.01,1
on,O,O,1
bunk,bunk.n.02,bunk.n.01,0
suffers,suffer.v.02,suffer.v.02,1
from,O,O,1
osteoporosis,osteoporosis.n.01,osteoporosis.n.01,1
attends,attend.v.01,attend.v.01,1
school,school.n.03,school.n.02,0
at,O,O,1
night,night.n.07,night.n.07,1
There,O,O,1
are,be.v.03,O,0
books,book.n.02,book.n.02,1
on,O,O,1
desk,desk.n.01,desk.n.01,1
blushed,blush.v.01,blush.v.01,1
is,O,O,1
twenty,O,O,1
years,year.n.01,year.n.01,1
old,old.a.01,old.a.01,1
knows,know.v.04,know.v.01,0
beautiful,beautiful.a.01,beautiful.a.01,1
ring,ring.n.08,ring.n.08,1
got,O,O,1
expelled,expel.v.01,expel.v.01,1
's,O,O,1
maxed,max_out.v.01,O,0
out,O,O,1
credit~cards,credit_card.n.01,O,0
demonstrated,demonstrate.v.01,show.v.01,1
new,new.a.01,new.a.01,1
vacuum~cleaners,vacuum_cleaner.n.01,O,0
was,O,O,1
jealous,jealous.a.01,jealous.a.01,1
has,have.v.01,O,0
eleven,O,O,1
children,child.n.02,child.n.02,1
swan,swan.n.01,swan.n.01,1
is,O,O,1
gliding,glide.v.01,glide.v.01,1
toward,O,O,1
reeds,reed.n.01,reed.n.01,1
is,O,O,1
located,located.a.01,located.a.01,1
in,O,O,1
rubbed,rub.v.01,rub.v.01,1
feet,foot.n.01,foot.n.02,0
had,O,O,1
hair,hair.n.01,hair.n.01,1
cut,cut.v.32,cut.v.01,0
was,O,O,1
elected,elect.v.01,elect.v.01,1
governor,governor.n.01,governor.n.01,1
of,O,O,1
in,O,O,1
Few,O,O,1
scientists,scientist.n.01,scientist.n.01,1
understand,understand.v.02,understand.v.01,0
theory~of~relativity,theory_of_relativity.n.01,theory_of_relativity.n.01,1
There,O,O,1
's,be.v.04,O,0
famous,famous.a.01,famous.a.01,1
book,book.n.01,book.n.02,0
in,O,O,1
entire,entire.a.01,entire.a.01,1
last,last.a.02,last.a.02,1
chapter,chapter.n.01,chapter.n.01,1
is,be.v.01,O,0
single,single.a.03,single.a.04,1
sentence,sentence.n.01,sentence.n.01,1
is,O,O,1
unafraid,unafraid.a.01,unafraid.a.01,1
is,O,O,1
years,year.n.01,year.n.01,1
younger,young.a.01,young.a.01,1
than,O,O,1
but,O,O,1
times,time.n.01,time.n.01,1
richer,rich.a.01,rich.a.01,1
was,O,O,1
born,bear.v.02,bear.v.02,1
on,O,O,1
express,express.n.02,express.a.02,0
train,train.n.01,train.n.01,1
from,O,O,1
arrives,arrive.v.01,O,0
at,O,O,1
ten~o'clock,O,O,1
have,O,O,1
to,O,O,1
put,put.v.01,put.v.01,1
stamp,stamp.n.04,stamp.n.04,1
on,O,O,1
envelope,envelope.n.01,envelope.n.01,1
loves,love.v.01,love.v.01,1
squirrels,squirrel.n.01,squirrel.n.01,1
waved,wave.v.01,wave.v.01,1
goodbye,goodbye.n.01,goodbye.n.01,1
ca,O,O,1
n't,O,O,1
call,call.v.03,call.v.03,1
anyone,person.n.01,person.n.01,1
right,O,O,1
now,O,O,1
was,O,O,1
ashamed,ashamed.a.01,ashamed.a.01,1
and,O,O,1
apologised,apologise.v.02,apologize.v.02,0
for,O,O,1
mistakes,mistake.n.01,mistake.n.01,1
Tennis,tennis.n.01,tennis.n.01,1
is,be.v.02,O,0
preferred,preferred.a.02,preferable.s.01,1
sport,sport.n.01,sport.n.01,1
wife,wife.n.01,wife.n.01,1
's,O,O,1
constant,constant.a.02,constant.a.03,0
nagging,nag.v.01,O,0
is,O,O,1
getting,get_down.v.05,get.v.01,0
down,O,O,1
is,O,O,1
n't,O,O,1
scared,scared.a.01,scared.a.01,1
anymore,O,O,1
love,love.v.03,love.v.01,0
is,O,O,1
extremely,extremely.r.02,extremely.r.02,1
romantic,romantic.a.02,romantic.a.02,1
Belgium,country.n.02,belgium.n.01,0
is,O,O,1
called,call.v.01,call.v.01,1
in,O,O,1
spent,spend.v.01,spend.v.01,1
day,day.n.04,day.n.01,0
in,O,O,1
open~air,open_air.n.01,open_air.n.01,1
love,love.v.01,love.v.01,1
honey,honey.n.01,honey.n.01,1
will,O,O,1
cost,cost.v.01,cost.v.01,1
thirty,O,O,1
euros,euro.n.01,euro.n.01,1
Do,O,O,1
eat,eat.v.01,eat.v.01,1
bell~peppers,bell_pepper.n.02,O,0
was,O,O,1
n't,O,O,1
busy,busy.a.01,busy.a.01,1
met,meet.v.01,meet.v.01,1
in,O,O,1
by,O,O,1
chance,chance.n.02,chance.n.01,0
farmer,farmer.n.01,farmer.n.01,1
owns,own.v.01,own.v.01,1
horses,horse.n.01,horse.n.01,1
instead,O,O,1
of,O,O,1
tractor,tractor.n.01,tractor.n.01,1
material,material.n.01,material.n.01,1
absorbs,absorb.v.01,absorb.v.01,1
built,build.v.01,build.v.01,1
fence,fence.n.01,fence.n.01,1
around,O,O,1
house,house.n.01,house.n.01,1
is,O,O,1
also,O,O,1
called,call.v.01,call.v.01,1
table~tennis,O,O,1
There,O,O,1
is,be.v.03,O,0
milk,milk.n.01,milk.n.01,1
in,O,O,1
fridge,fridge.n.01,fridge.n.01,1
used,O,O,1
to,O,O,1
play,play.v.05,play.v.01,0
in,O,O,1
park,park.n.02,park.n.02,1
started,start.v.01,start.v.02,0
sweating,sweat.v.01,sweat.v.01,1
